"","stap_s","stap_t","s","t","lat_s","lat_t","lon_s","lon_t","start","end","duration","n","distance","bearing","gs","ws","id","status","congo","ws_support","aws","ags","aas","mean_alt_sl","min_alt_sl","max_alt_sl","std_alt_sl","mean_alt_gl","min_alt_gl","max_alt_gl","std_alt_gl","tag_id"
"1",1,2,8503,21260,-22.72463163,-19.875,28.76857325,26.875,2017-04-04 19:42:30,2017-04-05 03:52:30,8.16666666666667,1,371.674041985765,-32.2607080448123,-23.9598431136897+34.6623027425207i,-26.9753185077521-4.4654614223692i,"16LN","post-breeding",0,11.6652372755499,27.3424240752231,42.137267512818,39.2437895774025,1646.28017485065,809.305121530356,2454.6665664522,488.96249637492,683.653946099969,49.9983903258906,1669.82508564004,548.118901921477,"16LN"
"2",2,3,21260,35087,-19.875,-18.625,26.875,26.625,2017-04-05 17:37:30,2017-04-05 21:12:30,3.58333333333333,1,140.842929505843,-10.796746918465,-6.0346172497743+31.6443325651176i,-16.4196756024524-1.0395090114451i,"16LN","post-breeding",0,2.05471714113448,16.4525477016371,32.214599001742,34.2940656264371,2039.42031325995,1203.10812594716,2395.25480990526,430.026104099533,1034.96653240552,183.889869843376,1412.19079866887,429.155914913042,"16LN"
"3",3,4,35087,49372,-18.625,-17.875,26.625,27.125,2017-04-06 01:02:30,2017-04-06 03:42:30,2.66666666666667,1,98.4227073921386,32.5750121684841,14.6264705877249+22.8927650684192i,-3.76317883799711-1.20374700882578i,"16LN","post-breeding",0,-3.04049029266587,3.95101529078366,27.1663824299707,30.3120619603777,939.988454820331,646.662445839851,1248.68995097777,218.169157812537,216.277146463929,36.1753462243771,370.503298599844,127.039569121725,"16LN"
"4",4,5,49372,63201,-17.875,-17.125,27.125,26.875,2017-04-06 23:52:30,2017-04-07 03:07:30,3.25,1,87.1486676808268,-17.7748369371338,-5.7411178442441+17.9085064585024i,-17.0943704214579-12.1283933024044i,"16LN","post-breeding",0,-6.33090674419607,20.9598526761001,18.8062499631298,32.1109279113634,1146.57196574622,655.037948637263,1450.64474871387,326.25673162886,278.681394403725,38.7758394087157,505.771869787221,153.495198071917,"16LN"
"5",5,6,63201,77489,-17.125,-17.125,26.875,27.375,2017-04-07 18:17:30,2017-04-07 21:12:30,2.91666666666667,1,53.2074790886653,90.0736147644453,9.11858283386885-0.01171574420421i,-8.33493213212267-5.18664594850728i,"16LN","post-breeding",0,-8.32826134792131,9.816944017476,9.11859036018122,18.2045348000848,1161.94434426662,1089.25554829806,1296.5431584409,81.6680380435892,20.2674710272347,-64.7935747357308,159.418404078487,84.7911984516093,"16LN"
"6",6,7,77489,90403,-17.125,-15.625,27.375,25.625,2017-04-08 17:37:30,2017-04-08 22:17:30,4.66666666666667,1,250.008256656705,-48.6487346113181,-36.037185471562+31.7166163596781i,-23.1599787293766+3.3542684661195i,"16LN","post-breeding",0,19.601654192516,23.4016181425128,48.0064838331111,31.1487597107209,1250.622577228,1186.89466092553,1321.16625091953,43.3954727171275,100.031816870438,-14.4906002386833,233.975535122602,89.7824556990023,"16LN"
"7",7,8,90403,103462,-15.625,-12.375,25.625,24.125,2017-04-09 19:57:30,2017-04-10 03:07:30,7.16666666666667,1,394.396821519507,-24.4452311491536,-21.3416143851813+46.9487753092692i,-33.5687714374404+7.5667904950058i,"16LN","post-breeding",0,20.7800198860784,34.411026346426,51.5718140810076,41.2364413776393,1446.03966515544,1204.16358733616,1625.88703247019,118.115805692306,270.700213880658,42.8436293233838,472.46442523447,129.816291214679,"16LN"
"8",8,9,103462,117444,-12.375,-11.875,24.125,24.125,2017-04-10 20:12:30,2017-04-10 20:57:30,0.75,1,55.3116436946012,0,0+37.9684678926358i,-11.8642204574011+10.0477511354071i,"16LN","post-breeding",0,10.0477511354071,15.5472515236902,37.9684678926358,30.3368777447384,1528.80515391979,1528.80515391979,1528.80515391979,NA,147.813462824983,147.813462824983,147.813462824983,NA,"16LN"
"9",9,10,117444,131731,-11.875,-11.625,24.125,24.625,2017-04-11 22:22:30,2017-04-11 23:52:30,1.5,1,61.1159166238386,63.1467661894673,20.1951184956615+10.2248505802593i,-13.5433669455811+7.6934059164531i,"16LN","post-breeding",0,-8.60777593434109,15.5759841685197,22.6360416248609,33.8333210305293,1562.15626234927,1394.76786820275,1762.26355001927,185.919777144598,154.408294021,-16.1329428793576,351.91233738414,185.498185382826,"16LN"
"10",10,11,131731,145710,-11.625,-10.375,24.625,24.625,2017-04-14 21:07:30,2017-04-14 23:32:30,2.41666666666667,1,138.268442956552,0,0+46.2994049401091i,-7.7294399777727+10.008485163149i,"16LN","post-breeding",0,10.008485163149,12.6457114323775,46.2994049401091,37.1049201673814,1274.95080165136,1071.19452629527,1410.4763788117,139.62545977579,-41.8029805083921,-142.341441454266,30.4619808160685,66.7347370802016,"16LN"
"11",11,12,145710,160448,-10.375,-8.875,24.625,25.875,2017-04-20 19:22:30,2017-04-21 00:52:30,5.5,1,215.288377909821,39.6966566479504,21.9176932183188+26.4031238045965i,-7.18695120847518+3.32574756649533i,"16LN","post-breeding",0,-2.03151780563907,7.91914544310511,34.3148688275679,37.1435811580546,1151.63851495372,669.17377622898,1855.93484974522,456.731021364619,252.309583800637,-220.708294799868,952.927833999299,421.597523635132,"16LN"
"12",12,13,160448,173801,-8.875,-3.125,25.875,24.875,2017-04-28 17:07:30,2017-04-29 02:02:30,8.91666666666667,1,645.435229460597,-9.93347540989122,-12.035065377942+68.7207316908614i,-14.9842548929924+18.6442760462833i,"16LN","post-breeding",0,20.9496275506949,23.9193838546937,69.766623558681,50.1632248636297,1193.34271665233,546.804989303897,1616.37528555145,304.603930713529,462.938493752741,-164.733000551926,1092.47623533035,403.037504847645,"16LN"
"13",13,14,173801,187321,-3.125,-1.125,24.875,24.125,2017-04-29 19:52:30,2017-04-30 00:32:30,4.66666666666667,1,236.365021134353,-20.6848106527082,-15.9037905158044+42.1219283193634i,-6.1299891063676-3.02843486615894i,"16LN","post-breeding",1,-0.667938317027537,6.83726437859123,45.0242978636222,46.1961306796974,609.176613845772,519.36602733645,674.386162346158,47.0277556476241,100.708490923151,23.338639506058,169.935664276499,47.4715810305654,"16LN"
"14",14,15,187321,201145,-1.125,0.875,24.125,23.875,2017-04-30 20:47:30,2017-05-01 00:42:30,3.91666666666667,1,222.892813540878,-7.17315460078239,-6.271939370306+49.8352841004507i,-9.6077113344842+12.9510872520546i,"16LN","post-breeding",2,14.0494224765441,16.1257179095105,50.2284059555688,37.0347316953725,643.337399667312,542.991353857373,771.23992005433,83.7997451239916,204.765972658017,98.3130200819642,343.736558526899,86.3403175602898,"16LN"
"15",15,16,201145,214971,0.875,2.375,23.875,23.625,2017-05-02 22:12:30,2017-05-03 01:22:30,3.16666666666667,1,168.179438415163,-9.5178477662147,-7.3959056205421+44.111772917358i,-3.37159864703632+9.87198917351508i,"16LN","post-breeding",2,10.2936028768977,10.4318669316041,44.7274851725483,34.4754671823623,769.946113625617,642.037728500493,928.33417990593,104.668870336711,350.519971489742,238.316410532167,456.448345900855,79.2995643478785,"16LN"
"16",16,17,214971,229407,2.375,3.375,23.625,24.375,2017-05-03 20:12:30,2017-05-03 22:47:30,2.58333333333333,1,138.492652994202,37.0015642175597,25.962587799298+34.4515607404645i,-1.5961773457102+1.54437736839793i,"16LN","post-breeding",1,0.272730924825137,2.22100958462096,43.1389151774842,42.9228174028748,846.29803205619,719.710344459868,999.227072399665,110.495001541079,398.272734901441,262.546076172454,555.622224757733,118.222637835795,"16LN"
"17",17,18,229407,243389,3.375,3.875,24.375,24.375,2017-05-06 02:47:30,2017-05-06 03:32:30,0.75,1,55.2893607854781,0,0+37.3549938621824i,0.000982476041959-0.544991590880564i,"16LN","post-breeding",0,-0.544991590880564,0.544992476452383,37.3549938621824,37.8999854657972,724.410485629533,693.905691213137,754.91528004593,43.1402939810709,203.91378413303,159.907157493324,247.920410772737,62.2347682281624,"16LN"
"18",18,19,243389,257217,3.875,4.875,24.375,24.125,2017-05-06 23:22:30,2017-05-07 01:12:30,1.83333333333333,1,114.009257033111,-14.0776677536729,-11.5536157068866+46.0728687262351i,-0.5516669060809+11.0556070441397i,"16LN","post-breeding",0,10.8577586290132,11.0693623795455,47.499423876162,36.7049246440842,670.07441335059,661.577456021045,676.546054804207,6.26485640487063,109.05994926503,101.684865170991,122.302209181615,9.11871065148737,"16LN"
"19",19,20,257217,271041,4.875,6.875,24.125,23.875,2017-05-07 17:42:30,2017-05-07 22:32:30,4.83333333333333,1,222.897808204176,-7.12232104767383,-5.0461388530759+40.3845463245834i,-6.50662953993743+4.90715335802147i,"16LN","post-breeding",0,5.67603268850175,8.14962465694757,40.6985884173757,35.5074421037375,913.095349750435,739.164487929569,1198.79419226044,153.109353746072,291.746422223922,94.1575333478281,581.207156450127,158.750151396527,"16LN"
"20",20,21,271041,285326,6.875,7.625,23.875,24.375,2017-05-09 20:27:30,2017-05-09 21:52:30,1.41666666666667,1,99.6426188816136,33.621410336464,28.323167192418+42.5952527776995i,6.5609830968082+13.6344682940689i,"16LN","post-breeding",0,14.9864523898938,15.1309360205697,51.1522957354387,36.2259533279459,756.7670989089,658.872680189366,821.792858930555,86.2902526576062,52.4218903306482,-58.4936797207206,116.628229112832,96.4532786000321,"16LN"
"21",21,22,285326,299765,7.625,7.875,24.375,25.125,2017-05-10 19:57:30,2017-05-10 21:12:30,1.25,1,87.2297266097605,71.4703333550957,45.2830638037643+15.1775773665404i,4.0504524041835+17.7770958123131i,"16LN","post-breeding",0,9.48995734448749,18.2326986537571,47.7589229586798,41.3144737226405,1028.42904422116,747.560767023219,1258.64196551708,259.278752840742,307.088615583313,25.7767891640727,532.157167831272,257.832797355017,"16LN"
"22",22,23,299765,314051,7.875,8.375,25.125,25.625,2017-05-11 21:17:30,2017-05-11 23:32:30,2.25,1,78.0666651620894,44.8645132336673,15.9123734970047+15.9878076823168i,2.6112851997965+14.3025236894024i,"16LN","post-breeding",0,11.9793842895473,14.5389474956268,22.5568974993222,13.4074282406024,726.114989623916,514.400112897825,980.880035043018,217.561712826541,39.2764075260568,-134.324982069624,244.170599830682,176.680602028914,"16LN"
"23",23,24,314051,328184,8.375,9.125,25.625,25.875,2017-06-03 20:52:30,2017-06-03 22:22:30,1.5,1,87.392137622024,18.3278286619021,12.6558353615897+38.2054544014581i,3.89032077282167+4.98152144471677i,"16LN","post-breeding",0,5.9521483069795,6.32061323129495,40.2470733684023,34.3607911305888,751.671765840563,709.627263900619,791.018904867321,40.7628093956636,178.937832924214,142.630618830725,231.281554854758,46.4502346839094,"16LN"
"24",24,25,328184,342319,9.125,9.375,25.875,26.125,2017-06-04 01:12:30,2017-06-04 01:32:30,0.333333333333333,1,38.9766970628347,44.7924753198338,24.5698242730064+24.7484553177635i,4.91251005561487+9.02478471332996i,"16LN","post-breeding",0,9.86562305774311,10.2751882789792,34.8735186842646,25.1722827633488,562.4291033919,562.4291033919,562.4291033919,NA,46.3851149284436,46.3851149284436,46.3851149284436,NA,"16LN"
"25",25,26,342319,356302,9.375,9.625,26.125,26.125,2017-06-06 22:17:30,2017-06-06 22:47:30,0.5,1,27.6511327049479,0,0+0.743177532792501i,3.7968818284605+17.563789379492i,"16LN","post-breeding",0,17.563789379492,17.9695021908357,0.743177532792501,17.2438190235406,587.679983887142,587.679983887142,587.679983887142,NA,100.179983887142,100.179983887142,100.179983887142,NA,"16LN"
"26",26,27,356302,371045,9.625,9.875,26.125,27.375,2017-06-07 21:12:30,2017-06-07 23:42:30,2.5,1,139.91214032714,78.4959271554637,44.0945430380677+8.9744004043598i,7.4429128273548+16.0122097036728i,"16LN","post-breeding",0,10.4868251911987,17.6575142913717,44.9985398469081,37.3212105489136,661.736156456632,587.715443494729,734.794283785046,54.8499816162644,231.8734789842,170.094765009739,284.446174666887,42.7262837989763,"16LN"
"27",27,28,371045,382923,9.875,4.375,27.375,23.875,2017-10-26 17:02:30,2017-10-27 03:42:30,10.6666666666667,1,720.651622029711,-147.323144739843,-35.258983287013-54.970342164044i,-23.3836524706932-16.5599403370776i,"16LN","pre-breeding",0,26.5638231709283,28.6535656915108,65.3064653772193,40.2042591090305,1777.41483193346,599.336634404114,2386.46735459706,541.531453154606,1188.73925320556,182.243161534467,1703.79682464633,468.379858960503,"16LN"
"28",28,29,382923,396614,4.375,1.625,23.875,23.375,2017-10-27 16:57:30,2017-10-28 01:42:30,8.75,1,309.125574304837,-169.627200809408,-5.8334712628647-31.8692901978987i,-7.18462114150107+3.06607677239465i,"16LN","pre-breeding",1,-1.72236136138627,7.81150483076866,32.3987815309859,34.9614855425739,1275.22382372751,683.894663732253,2301.84551124633,419.320741970603,808.742716220845,184.772885732439,1812.39684679357,414.790662249916,"16LN"
"29",29,30,396614,410455,1.625,-0.625,23.375,23.125,2017-10-28 16:52:30,2017-10-28 23:32:30,6.66666666666667,1,250.343999324304,-173.616177276007,-3.742039175165-33.4462776180186i,-2.64555521276673+4.04086883359683i,"16LN","pre-breeding",2,-3.72165793592232,4.82986369519176,33.6549601647371,37.5031788807917,856.318969526094,425.383405530371,1313.53476172296,235.242156089179,386.132730563093,19.0871582663053,849.878019988141,214.145469187822,"16LN"
"30",30,31,410455,426575,-0.625,-2.625,23.125,26.625,2017-10-29 16:57:30,2017-10-30 03:37:30,10.6666666666667,1,447.85409921091,119.630141745507,34.3032513574002-19.5108357948337i,3.01837541925955+8.25581171053964i,"16LN","pre-breeding",2,-1.45798939872504,8.79027969813667,39.4637272327633,41.829776190562,1426.48278663352,563.673270461918,2485.76049373106,610.576575296711,939.556560051193,118.073385657424,2001.60479738114,605.938186195586,"16LN"
"31",31,32,426575,440564,-2.625,-3.875,26.625,26.625,2017-10-30 17:47:30,2017-10-30 21:27:30,3.66666666666667,1,138.222360489333,180,0-30.4106900431614i,-2.69709553354439-0.9529947153427i,"16LN","pre-breeding",1,0.952994715342699,2.8605110110846,30.4106900431614,29.580908342099,775.307167454913,710.399019843362,882.632714852354,57.2091658009729,205.378602003804,141.234559117354,307.143717397866,59.1599339302933,"16LN"
"32",32,33,440564,454397,-3.875,-4.125,26.625,26.375,2017-10-30 23:47:30,2017-10-31 00:12:30,0.416666666666667,1,39.1790581123421,-134.887030590177,-19.8367879908338-19.7587178996933i,0.182981680178124-0.854395951730962i,"16LN","pre-breeding",0,0.473314356769469,0.873770414705754,27.9983051421501,27.5347882866852,580.950101935581,580.950101935581,580.950101935581,NA,-5.04989806441858,-5.04989806441858,-5.04989806441858,NA,"16LN"
"33",33,34,454397,468090,-4.125,-7.375,26.375,25.875,2017-10-31 18:47:30,2017-11-01 03:22:30,8.58333333333333,1,363.644332133211,-171.263879271828,-5.987313347815-38.9629717648394i,4.14863690548024-7.18582938356436i,"16LN","pre-breeding",0,6.47235036424147,8.29742924665282,39.4203131630458,33.3545239129133,970.238174052373,830.293593985618,1194.47847337978,109.135230760434,255.647326532611,-14.4833999944227,626.32009781553,181.040438423016,"16LN"
"34",34,35,468090,481773,-7.375,-8.125,25.875,25.375,2017-11-01 21:37:30,2017-11-02 00:42:30,3.08333333333333,1,99.6092940477353,-146.411510593806,-13.0012322238724-19.5769591261374i,-3.65296065088048-4.24066220002697i,"16LN","pre-breeding",0,5.55351526180898,5.59708293771128,23.5008376013603,17.9608514499795,1226.45269064306,1163.09472394717,1285.34368877252,44.4129507719746,320.710128355484,243.094723947172,400.811733284756,52.9604645142669,"16LN"
"35",35,36,481773,496063,-8.125,-8.625,25.375,25.875,2017-11-03 22:47:30,2017-11-04 01:17:30,2.5,1,78.0427171841742,135.154928057097,14.314105228655-14.3917261207217i,4.58811214378485+8.06921728073844i,"16LN","pre-breeding",0,-2.48570508778961,9.28240489139069,20.2981622131382,24.4762930193798,1643.87966849303,1468.19043318554,1857.873007567,171.619695381165,634.167910209164,393.442645053267,794.377431302448,164.822313439735,"16LN"
"36",36,37,496063,510050,-8.625,-9.375,25.875,25.875,2017-11-05 00:52:30,2017-11-05 02:52:30,2,1,82.9511013161668,180,0-27.9871732283244i,-1.87531125464038+1.12279270844111i,"16LN","pre-breeding",0,-1.12279270844111,2.18573918112601,27.9871732283244,29.1703086912262,1353.83166073481,1120.74865547743,1507.62953142086,170.770045145282,540.813882736575,405.555460116886,710.031367193502,155.828871342124,"16LN"
"37",37,38,510050,523732,-9.375,-9.875,25.875,25.375,2017-11-06 20:12:30,2017-11-06 21:27:30,1.25,1,77.9123108541392,-135.260600606974,-28.5519192769342-28.812835405562i,-6.40207806245985-8.23566759387224i,"16LN","pre-breeding",0,10.3562392521641,10.4313385638942,40.5634266119687,30.2330167362912,1097.29779924248,1083.84168233067,1110.75391615428,19.0298230335521,318.411213054192,296.980743777714,339.841682330671,30.3072602988159,"16LN"
"38",38,39,523732,537573,-9.875,-12.125,25.375,25.125,2017-11-07 17:52:30,2017-11-07 22:52:30,5,1,250.378369404523,-173.758726846457,-4.8821153229476-44.6411051412132i,3.03486762986308-8.53756375901413i,"16LN","pre-breeding",0,8.15702378627427,9.06092801373139,44.9072746696503,36.9613895763032,1424.28256366014,1192.85373128997,1629.10910388442,125.535296736177,84.2828020267783,5.85851120511052,165.636304283827,56.867483086929,"16LN"
"39",39,40,537573,552170,-12.125,-13.375,25.125,26.125,2017-11-08 20:22:30,2017-11-08 23:07:30,2.75,1,175.825554706168,141.967400458426,33.4459548191786-42.7587013543746i,7.1201285117459-15.3643105712673i,"16LN","pre-breeding",0,16.488638441834,16.9339383887545,54.285711152007,37.9934438705773,1431.04307524818,1346.78463477098,1535.73340505449,80.4531520430545,190.021297106346,73.3751055449156,275.379711783527,83.1220216802195,"16LN"
"40",40,41,552170,566921,-13.375,-15.125,26.125,27.375,2017-11-13 17:32:30,2017-11-13 23:52:30,6.33333333333333,1,235.976329893284,145.287206231617,18.8695950080768-27.2381588611522i,-7.0381210807896-10.8511521691384i,"16LN","pre-breeding",0,4.91188034459267,12.9337794841899,33.1357648759493,30.6552400294862,1792.81228465931,1274.21759128354,2487.1126271397,443.532469341005,587.934225769729,21.9342220646656,1263.47264474553,439.727379449222,"16LN"
"41",41,42,566921,581373,-15.125,-18.125,27.375,28.125,2017-11-15 18:37:30,2017-11-15 23:22:30,4.75,1,341.50130563525,166.554076059613,15.4955416465807-64.8129958316487i,18.0642415995991-24.3311605413719i,"16LN","pre-breeding",0,27.8646724308255,30.3038314055946,66.6395996356088,40.5632494743424,1488.47295862093,1128.55273386937,1674.0415109701,214.647747279336,635.52638633931,262.628206327409,1045.91670097852,298.068991708723,"16LN"
"42",42,43,581373,595826,-18.125,-21.375,28.125,28.875,2017-11-16 17:52:30,2017-11-17 02:42:30,8.83333333333333,1,368.263969410878,167.800113412193,8.2241567765745-38.0385961291796i,2.29118038357387+4.12042719434597i,"16LN","pre-breeding",0,-3.54319395914382,4.71459731196414,38.9174967098927,42.574446050107,1989.43642623426,765.227856621702,2688.17243461195,613.968811632239,833.275438520913,-222.878959027035,1498.32828389258,616.234854338546,"16LN"
"43",43,44,595826,609815,-21.375,-22.72463163,28.875,28.76857325,2017-11-17 17:22:30,2017-11-17 21:37:30,4.25,1,149.849264752067,-175.815541546526,0-26.643212201707i,-9.7882128292089-5.35519191451614i,"16LN","pre-breeding",0,5.35519191451614,11.1573827948668,26.643212201707,23.4305125453486,1247.7971302481,583.679170885541,2439.03856958468,724.132220814874,506.16529804601,-118.840136889299,1695.34555750971,717.40071660143,"16LN"
"44",1,2,8503,21254,-22.72003858,-18.375,28.77132017,26.875,2017-03-25 17:17:30,2017-03-26 03:47:30,10.5,1,520.079966944944,-22.6863319820827,-19.2328230937491+42.6564055227834i,-21.3679675188798+3.0478291673665i,"16LO","post-breeding",0,11.5613427854971,21.584237269854,46.7917772293337,39.666083278023,1591.30637797183,733.853294608642,2714.14603099348,725.838297108356,604.249198907777,-68.6033652364864,1482.46429841773,608.90536623877,"16LO"
"45",2,3,21254,35235,-18.375,-17.625,26.875,26.875,2017-03-26 18:27:30,2017-03-26 20:27:30,2,1,83.0103011045387,0,0+28.5392841190235i,-9.90063617091074-4.30019246636702i,"16LO","post-breeding",0,-4.30019246636702,10.7941767558506,28.5392841190235,34.299472575991,1078.78632762685,1046.4251025076,1096.03687159283,23.1620323051612,292.211883087807,136.12227680551,399.262202761434,119.365418408039,"16LO"
"46",3,4,35235,49670,-17.625,-16.375,26.875,27.625,2017-03-28 20:27:30,2017-03-29 03:22:30,6.91666666666667,1,159.734176322534,30.1091512757764,9.7116979068697+16.7473924534069i,-11.6747419252902+2.6388493787598i,"16LO","post-breeding",0,-3.57382870786876,11.9692574985214,19.3595513951829,25.6209054559703,1281.8530441629,1064.03802178137,1549.82930005635,148.286973528489,125.134590429699,-132.439180620984,342.362461048803,149.302422373262,"16LO"
"47",4,5,49670,63805,-16.375,-16.125,27.625,27.875,2017-03-29 19:52:30,2017-03-29 20:47:30,0.916666666666667,1,38.4655406064564,44.0446710924192,9.00857782748649+9.31411198171031i,-9.56566426480179-2.98159021475141i,"16LO","post-breeding",0,-8.79339256742252,10.0195714996005,12.9578993853835,22.2752499830419,1211.42577701697,1190.32966298132,1232.52189105261,29.834410582578,104.295996850744,90.8232894263581,117.76870427513,19.053285561451,"16LO"
"48",5,6,63805,77938,-16.125,-15.375,27.875,28.125,2017-03-30 21:42:30,2017-03-31 00:27:30,2.75,1,87.2093376994394,17.9252563748521,6.8209649544351+21.0863293529735i,-16.6442968971428-4.6965575769502i,"16LO","post-breeding",0,-9.5912972363948,17.2942265589949,22.1621038823417,34.8622399194937,1145.59436796812,1052.86275819545,1302.68469049348,94.679750018475,108.256662094554,25.4132671229411,248.800102903897,85.3619126296612,"16LO"
"49",6,7,77938,92071,-15.375,-14.625,28.125,28.375,2017-03-31 21:37:30,2017-04-01 00:02:30,2.41666666666667,1,87.2335728017127,17.9848140005294,7.7778677399973+23.959421329677i,-18.7382772997438+0.3678529319759i,"16LO","post-breeding",0,-5.43584346154667,18.741887630163,25.1902579787082,35.4918025356842,1306.10719534363,1234.0027709919,1383.04094545868,59.5757329968764,158.69814049517,79.1247088618768,267.125739470944,73.6883552079774,"16LO"
"50",7,8,92071,105290,-14.625,-13.375,28.375,27.125,2017-04-01 17:47:30,2017-04-01 20:37:30,2.83333333333333,1,193.293134334678,-44.470314510416,-41.2796610717029+42.0500458093772i,-25.5711898960402+7.9417420049117i,"16LO","post-breeding",0,23.5809661846844,26.7760530842752,58.9255188417156,37.5517303874847,1289.75284761577,1242.03139019824,1325.29057989554,31.4220701704722,144.706375238859,74.5878023004091,190.018947471989,41.172641854433,"16LO"
"51",8,9,105290,119120,-13.375,-12.875,27.125,26.875,2017-04-02 00:17:30,2017-04-02 01:02:30,0.75,1,61.6007256242818,-26.1357008012324,-20.458265936717+41.6947375567257i,-11.3196509660361+5.9044598096073i,"16LO","post-breeding",0,10.2870390239091,12.7670334704719,46.4434256387453,36.9385742117671,1287.89775837317,1276.04100980802,1299.75450693833,16.7679746264921,72.0434819146543,67.816805122478,76.2701587068307,5.97742364326342,"16LO"
"52",9,10,119120,133100,-12.875,-11.875,26.875,26.875,2017-04-02 19:47:30,2017-04-02 21:47:30,2,1,110.625317208596,0,0+42.0945891932896i,-13.6241928677403+12.3717721255858i,"16LO","post-breeding",0,12.3717721255858,18.4032436495528,42.0945891932896,32.6965515878597,1409.49503641656,1358.28005841459,1470.44424382955,51.0676206691416,118.807438648716,89.8809914580224,139.465526869666,21.3177337399509,"16LO"
"53",10,11,133100,147081,-11.875,-11.125,26.875,26.875,2017-04-04 01:42:30,2017-04-04 03:02:30,1.33333333333333,1,82.9638288172571,0,0+42.1914087510481i,-22.687360681793+12.0556753530403i,"16LO","post-breeding",0,12.0556753530403,25.6915480834392,42.1914087510481,37.7210652307377,1411.86076053502,1385.60281394241,1429.43372182777,23.170214689509,67.0250997817046,49.8550182850972,82.0434944055708,16.201753486531,"16LO"
"54",11,12,147081,160759,-11.125,-10.625,26.875,26.375,2017-04-05 01:12:30,2017-04-05 02:17:30,1.08333333333333,1,77.7642437103535,-44.7138841371364,-32.9295175439296+33.260048735706i,-15.8337751133184+13.8908877198321i,"16LO","post-breeding",0,21.0113881814707,21.063361459751,46.8036747230119,25.8346435569111,1365.99702119872,1347.01246345601,1384.98157894143,26.848219035394,113.578221261168,100.223563614413,126.932878907922,18.8863379648895,"16LO"
"55",12,13,160759,174588,-10.625,-9.875,26.375,26.125,2017-04-06 23:37:30,2017-04-07 01:27:30,1.83333333333333,1,87.361345318405,-18.2932468460836,-10.360356158608+31.3392131172579i,-7.17829700865855+6.23775542681595i,"16LO","post-breeding",0,8.17564254820984,9.50986544117676,33.0073212869829,25.3023453185436,1245.68203867381,1188.53412679462,1309.31724815537,60.6523237316411,-96.6090252920246,-153.671640916422,-39.2764760528512,57.1980601433141,"16LO"
"56",13,14,174588,188726,-9.875,-10.375,26.125,26.375,2017-04-08 22:57:30,2017-04-09 00:17:30,1.33333333333333,1,61.7193838807415,153.666763268229,11.5175626428599-23.2700233191009i,-4.30400334623858+4.54044048943091i,"16LO","post-breeding",0,-5.97849344632928,6.25620049570796,25.9643647044118,31.9959973683125,976.587637686446,812.484245037564,1091.37447766517,145.839062802878,-365.427354796224,-533.515754962436,-242.670499782839,150.628524372306,"16LO"
"57",14,15,188726,202710,-10.375,-10.375,26.375,26.375,2017-04-09 22:12:30,2017-04-09 22:57:30,0.75,1,0,0,0+0i,-3.12630022287367+6.64537716796913i,"16LO","post-breeding",0,NA,7.3440309631772,0,7.3440309631772,1094.95291681608,1094.95291681608,1094.95291681608,NA,-242.047083183917,-242.047083183917,-242.047083183917,NA,"16LO"
"58",15,16,202710,216837,-10.375,-8.125,26.375,26.625,2017-04-15 19:42:30,2017-04-16 01:22:30,5.66666666666667,1,250.36836449197,6.31966148295693,4.362779487039+39.3936185985362i,-12.6926826896161+13.7398122819196i,"16LO","post-breeding",0,12.2591667549546,18.7052568921592,39.6344677161113,30.805950214038,1522.5179831235,832.973214917633,2082.07481249508,463.482226196274,517.454007288312,89.9403866470409,1106.03371162514,373.961548833821,"16LO"
"59",16,17,216837,230802,-8.125,-3.375,26.625,26.625,2017-04-21 17:52:30,2017-04-22 03:47:30,9.91666666666667,1,525.283714859761,0,0+50.5428843507496i,-14.2290020706955+11.2603153655169i,"16LO","post-breeding",0,11.2603153655169,18.1455008764914,50.5428843507496,41.7801953801969,1347.93710665518,737.951068784978,1981.97820284684,468.629147987359,707.842532689281,12.5561470941351,1437.46297481175,532.812051842693,"16LO"
"60",17,18,230802,244323,-3.375,-1.625,26.625,25.875,2017-04-22 21:32:30,2017-04-23 03:47:30,6.25,1,210.718934383926,-23.3355975523051,-11.6787638661854+27.0714762300522i,-1.34324271056904+0.78198775256846i,"16LO","post-breeding",1,1.25010150852128,1.5542862750034,29.4831875942273,28.2481893573011,2025.72719731092,1174.88193922766,2699.55179478589,511.731301926437,1488.48306895849,670.565858836092,2150.87854721664,500.884241847184,"16LO"
"61",18,19,244323,258595,-1.625,2.375,25.875,26.375,2017-04-23 18:27:30,2017-04-24 02:07:30,7.66666666666667,1,445.785953608456,7.17219395680346,6.8575875438786+54.4960751517418i,-2.9290903360698+16.0641381591402i,"16LO","post-breeding",2,15.5727408365225,16.3289958354089,54.9258474114533,39.6584523768789,909.79982817659,781.322951367306,1123.34907230594,110.645619210325,396.796345012956,259.125818563813,615.826774884824,116.26687244796,"16LO"
"62",19,20,258595,272426,2.375,2.625,26.375,26.125,2017-04-24 20:37:30,2017-04-24 21:22:30,0.75,1,39.2075624809502,-45.1593948613127,-11.0569180392932+10.9955686318412i,12.6333448613338-4.3524122919934i,"16LO","post-breeding",2,-12.0269873749922,13.3620692688253,15.5935232088575,28.2274525017617,877.844297473689,877.844297473689,877.844297473689,NA,230.844297473689,230.844297473689,230.844297473689,NA,"16LO"
"63",20,21,272426,286253,2.625,3.875,26.125,25.875,2017-04-25 21:52:30,2017-04-26 01:17:30,3.41666666666667,1,140.987302054057,-11.3592453783163,-6.5863056616435+32.7847748417479i,-8.44163086619232-2.19956617607876i,"16LO","post-breeding",1,-0.493816224801251,8.72348686271726,33.4398098632858,35.0335032228611,800.14485679512,779.957793685445,839.498290768744,19.6165244108287,158.060939510778,136.449091726948,186.350737057905,18.8587380198005,"16LO"
"64",21,22,286253,300231,3.875,5.375,25.875,25.875,2017-04-27 00:37:30,2017-04-27 03:27:30,2.83333333333333,1,165.872337073285,0,0+49.1773186552625i,14.0559502532068+17.4630370658299i,"16LO","post-breeding",0,17.4630370658299,22.4171229439278,49.1773186552625,34.6895574237327,865.579919253353,806.053510680957,932.481600027013,60.9857630274413,241.379642395898,180.049743624756,312.477961900802,61.2228005347218,"16LO"
"65",22,23,300231,314970,5.375,6.625,25.875,27.125,2017-04-27 18:52:30,2017-04-27 22:27:30,3.58333333333333,1,195.601582628512,44.969321458114,33.2529939790031+33.2886231300519i,-2.81793601945403+5.41426860027315i,"16LO","post-breeding",0,1.83900094169174,6.10369297111513,47.0520354337858,45.5860903281405,794.189204442586,690.037010725927,1007.45674780614,103.458435479194,156.365567087499,64.0734641652582,348.33779923951,95.0777568302404,"16LO"
"66",23,24,314970,329105,6.625,6.875,27.125,27.375,2017-04-29 00:47:30,2017-04-29 02:42:30,1.91666666666667,1,39.0928433291996,44.9758852329427,4.26950830524468+4.27310373781221i,3.1983032278539+17.6775563828647i,"16LO","post-breeding",0,14.7657697361781,17.964552407635,6.04053943970719,13.447186732967,712.63368249557,604.169106874649,826.204125130899,100.35744048298,167.43404725341,66.1691068746492,278.604611474685,99.3035910343024,"16LO"
"67",24,25,329105,343388,6.875,8.125,27.375,27.875,2017-04-29 22:27:30,2017-04-30 00:32:30,2.08333333333333,1,148.849495827192,21.730011518561,21.6918741667248+54.4262718787715i,6.5232241479333+33.2616029376116i,"16LO","post-breeding",0,33.3131079115814,33.8952309811205,58.589730119595,26.0390313717981,814.643404708758,516.620787334583,1142.8629170544,229.788823562963,315.587134319652,41.8115388076757,649.499516818863,224.179672670595,"16LO"
"68",25,26,343388,357218,8.125,8.625,27.875,27.625,2017-05-30 20:17:30,2017-05-30 22:37:30,2.33333333333333,1,61.7749503813314,-26.4520408013328,-6.5951799003755+13.2556592470059i,-4.84315941423425+6.72181600906507i,"16LO","post-breeding",0,8.17547089542902,8.28486593563283,14.8057049812243,6.76466431109803,726.797807223885,465.035201674819,1248.04318249158,315.660926705424,276.306842808753,21.9088210207174,798.967390463106,314.286636801209,"16LO"
"69",26,27,357218,371049,8.625,8.875,27.625,27.375,2017-06-01 20:22:30,2017-06-01 22:22:30,2,1,39.0027789919363,-44.8336656511802,-4.09413783624386+4.11797835028025i,-1.7771512570323+14.441543995337i,"16LO","post-breeding",0,11.4942983576172,14.550479702045,5.80686751317269,10.5803796924327,523.675636965565,463.857767377957,584.065279897033,52.5627630583587,92.6725611567343,33.7924397216771,147.407450633859,50.9747403269036,"16LO"
"70",27,28,371049,383223,8.875,5.375,27.375,24.375,2017-10-16 17:07:30,2017-10-17 03:27:30,10.3333333333333,1,509.521087994409,-139.233951049854,-30.5812547144087-35.4711961708202i,-7.79744404040183-4.14402716952536i,"16LO","pre-breeding",0,8.23012410406232,8.83023752483263,46.8339502679024,38.7362045955032,937.241679089592,416.949921865414,1297.40341548128,225.079578414081,330.034854859853,-29.0500781345862,690.965329339963,203.394188997706,"16LO"
"71",28,29,383223,398139,5.375,0.375,24.375,25.875,2017-10-17 16:27:30,2017-10-18 03:27:30,11,1,577.477962629375,163.171305489751,14.5646672017029-48.1533354060037i,9.03609762654043-3.98027672479444i,"16LO","pre-breeding",1,6.42587134861271,9.87388794357673,50.3077850975319,44.5176840682551,1203.19984422127,855.174610498594,2110.92942275224,309.740946900169,666.869466749614,265.84803720555,1544.75394431568,322.627316530968,"16LO"
"72",29,30,398139,413508,0.375,-3.875,25.875,28.125,2017-10-18 16:22:30,2017-10-19 01:42:30,9.33333333333333,1,532.445579549936,151.98053220455,25.5485190540205-48.0104151395393i,2.82236095295289-2.7745276921387i,"16LO","pre-breeding",1,3.7751846793136,3.95774244528337,54.3849867861026,50.6237471468541,1033.1235187651,800.559900632718,1499.55650056266,180.565344916529,382.29643726504,-316.440099367282,933.871081753195,297.687420262773,"16LO"
"73",30,31,413508,428408,-3.875,-4.875,28.125,29.625,2017-10-19 18:37:30,2017-10-19 22:42:30,4.08333333333333,1,199.870652298429,123.646088415477,35.1951952490751-23.4244615840267i,4.64124025547496-3.00957900351598i,"16LO","pre-breeding",0,5.53121177410276,5.53160707999452,42.2777384579883,36.7465861887466,1065.91818070972,856.115061145591,1530.54082408856,208.007513057164,-41.0681596671157,-504.507275240273,760.540824088564,409.362381506577,"16LO"
"74",31,32,428408,442239,-4.875,-4.625,29.625,29.375,2017-10-20 03:02:30,2017-10-20 03:27:30,0.416666666666667,1,39.159891993843,-45.1029678784963,-19.7999803559176+19.7289417268507i,3.00179266766943-0.4690355853523i,"16LO","pre-breeding",0,-2.45746075993654,3.03821552889204,27.9512139943186,30.4611086555209,958.69442461679,958.69442461679,958.69442461679,NA,188.69442461679,188.69442461679,188.69442461679,NA,"16LO"
"75",32,33,442239,454552,-4.625,-4.875,29.375,26.625,2017-10-20 18:27:30,2017-10-21 03:27:30,9,1,306.333758392763,-95.2906504583423,-30.8347389307378-2.8553773998577i,3.16351515207664-3.78548212855863i,"16LO","pre-breeding",0,-2.80098568371612,4.93332576088943,30.966664415503,34.0109743389683,1385.6111794794,778.332978726487,2131.42616196618,397.321323049795,646.908302087459,74.5082972055839,1501.63148458018,415.661587498674,"16LO"
"76",33,34,454552,468536,-4.875,-4.875,26.625,26.625,2017-10-21 19:12:30,2017-10-21 23:42:30,4.5,1,0,0,0+0i,-2.36836841338373-2.14846884839637i,"16LO","pre-breeding",0,NA,3.1976690469846,0,3.1976690469846,840.018926782187,640.121844745101,1208.53357682973,224.616347593279,276.018926782187,76.121844745101,644.533576829726,224.616347593279,"16LO"
"77",34,35,468536,482828,-4.875,-5.875,26.625,27.125,2017-10-22 21:32:30,2017-10-23 00:32:30,3,1,123.69217868158,153.406305598292,14.4304753795488-28.8249164708449i,7.7126584697729-15.2786448210699i,"16LO","pre-breeding",0,17.1148717476075,17.1149667904955,32.2352978771866,15.1205337089261,743.879530613078,704.576851216035,787.856211981293,27.8235281641721,120.860943132535,58.5768512160349,171.520341550163,45.1696819178614,"16LO"
"78",35,36,482828,497268,-5.875,-5.875,27.125,27.875,2017-10-24 00:02:30,2017-10-24 02:27:30,2.41666666666667,1,83.0540015571407,90.0383849857359,22.9272730007692-0.015360000095i,-7.63952394925191-7.8378147072013i,"16LO","pre-breeding",0,-7.63427133528904,10.9450292624376,22.9272781459423,31.5518600628956,755.441238978468,705.161160945906,821.134173689029,48.4811159380159,149.326429798397,72.7322052085113,241.674499619358,67.7463287120305,"16LO"
"79",36,37,497268,511104,-5.875,-6.875,27.875,27.625,2017-10-25 00:17:30,2017-10-25 02:27:30,2.16666666666667,1,113.99430077886,-165.971628526421,-9.7401323362395-38.9832915674019i,0.7306572282832-12.7465996393022i,"16LO","pre-breeding",0,12.1893296578251,12.7675237360226,40.1816774084473,28.248919225955,878.916717621678,750.509645927764,1030.71045160034,133.534895343643,198.684191658304,67.2745371453901,331.292431241512,120.73196724619,"16LO"
"80",37,38,511104,524941,-6.875,-8.125,27.625,27.375,2017-10-26 18:37:30,2017-10-26 21:02:30,2.41666666666667,1,140.96839101736,-168.72805130674,-9.2390905054334-46.3552316905757i,1.54672951083175-8.44100110843888i,"16LO","pre-breeding",0,7.97584512908672,8.58154251241257,47.2669895218063,39.4185590053557,968.433395038451,756.443965343595,1129.04711474455,148.853446552551,244.36597154227,-101.109281662853,465.068444870524,209.978211685484,"16LO"
"81",38,39,524941,538319,-8.125,-8.625,27.375,26.375,2017-10-27 21:22:30,2017-10-28 01:22:30,4,1,123.242630429384,-116.732368707047,-21.4007289288434-10.7785980461034i,2.47073813944976+5.6311550795934i,"16LO","pre-breeding",0,-4.73968585213927,6.14934585823259,23.9618316187494,28.9676878200336,754.590512637825,583.797538672627,1099.20689261846,184.78670290518,-12.1053990295292,-413.019726149064,277.954982193084,244.225351102817,"16LO"
"82",39,40,538319,551853,-8.625,-10.125,26.375,25.625,2017-10-31 18:42:30,2017-10-31 23:32:30,4.83333333333333,1,185.232405452233,-153.653056970936,-14.5699236839474-29.4192932833568i,-9.71425208699904+5.29120324046154i,"16LO","pre-breeding",0,-0.430330619446309,11.0618047958566,32.8295216755928,35.0484823578343,924.821261787328,712.783633251871,1317.34043120057,226.326541880813,228.008023723009,83.3524499548382,417.819460296689,114.746849872758,"16LO"
"83",40,41,551853,564936,-10.125,-12.875,25.625,24.125,2017-11-01 17:27:30,2017-11-01 23:57:30,6.5,1,345.417875679563,-151.867342263283,-23.191960100101-43.3751600766768i,-19.6909724525481-4.4142094564359i,"16LO","pre-breeding",0,13.1772881139075,20.1796838739435,49.1860907672282,39.1179317927362,1677.24345714948,1403.03065488363,2458.84668272807,294.981653532349,366.131563863445,-4.20977630134394,1074.3486452032,285.387672330958,"16LO"
"84",41,42,564936,579229,-12.875,-14.125,24.125,24.625,2017-11-02 19:42:30,2017-11-02 22:27:30,2.75,1,148.509994964357,158.681178022376,16.1516403345665-41.3866380737126i,3.40224116921133-2.82513139057834i,"16LO","pre-breeding",0,3.86872240199154,4.42228587356218,44.4266732553955,40.6144922010723,1320.1896891533,1274.675576442,1405.4816212345,51.4946506682799,182.897055317858,149.675576441995,263.195887267513,46.756516159126,"16LO"
"85",42,43,579229,593217,-14.125,-15.125,24.625,24.625,2017-11-02 23:52:30,2017-11-03 02:12:30,2.33333333333333,1,110.645124626367,180,0-36.1418200395197i,-13.5140218579658-0.5112757962465i,"16LO","pre-breeding",0,0.511275796246511,13.52368994459,36.1418200395197,38.1072758124931,1322.06939786462,1271.89721268158,1358.01838810963,38.6720233653294,165.067749490799,121.229060367698,199.202013981016,32.0679588585203,"16LO"
"86",43,44,593217,607203,-15.125,-15.625,24.625,24.625,2017-11-04 01:37:30,2017-11-04 02:52:30,1.25,1,55.3261905673484,180,0-23.0350463812642i,-21.2385537524864-2.832171969547i,"16LO","pre-breeding",0,2.83217196954698,21.4265574360965,23.0350463812642,29.3126644983508,1244.51259569152,1230.12261091715,1265.98253556722,18.9493501776437,103.34583428452,90.6223266961547,123.982535567224,18.0330213722891,"16LO"
"87",44,45,607203,621036,-15.625,-15.875,24.625,24.375,2017-11-07 23:07:30,2017-11-08 01:02:30,1.91666666666667,1,38.5108807658195,-135.951703963301,-4.28913596489233-4.4340445272766i,11.2445352975816-17.7667277052586i,"16LO","pre-breeding",0,4.95198069811081,21.0260835014836,6.16907109662422,20.470842279082,1249.20088927901,1227.71556228183,1278.95286084094,21.4678872752059,114.332414206905,90.7155622818345,141.952860840936,21.2225877835401,"16LO"
"88",45,46,621036,635326,-15.875,-16.375,24.375,24.875,2017-11-08 23:07:30,2017-11-09 00:17:30,1.16666666666667,1,76.9538836910317,136.041182372187,29.9947297286539-31.1051629078739i,8.5318786266402-18.7786035117574i,"16LO","pre-breeding",0,19.4398975976524,20.6259279246173,43.2112829133824,24.7507180496486,1220.67244744847,1175.71760938579,1262.01857038992,43.2635075575103,101.902205422118,57.6462357685111,141.178106073077,41.988023942525,"16LO"
"89",46,47,635326,649312,-16.375,-16.875,24.875,24.875,2017-11-09 19:37:30,2017-11-09 21:02:30,1.41666666666667,1,55.3326164984204,180,0-20.4413728363783i,7.1614866505604-15.8801042009069i,"16LO","pre-breeding",0,15.8801042009069,17.4202353737777,20.4413728363783,8.49070448261447,1334.65902089038,1209.43172463966,1503.92346353863,152.104565240699,244.324182828392,129.930426602461,412.921319439448,149.078724810248,"16LO"
"90",47,48,649312,663755,-16.875,-17.625,24.875,25.625,2017-11-10 21:22:30,2017-11-11 00:12:30,2.83333333333333,1,115.112270756763,136.253202423561,21.6752418756022-22.6447866936986i,-7.01938345120972-6.93867379743865i,"16LO","pre-breeding",0,0.158804186933146,9.8700019302115,31.346490629239,32.711825154769,1158.02146057564,1090.38134848352,1226.67997412026,46.5666501166535,168.990356376326,121.711083160355,203.714324372947,29.8462395118414,"16LO"
"91",48,49,663755,678348,-17.625,-17.875,25.625,26.625,2017-11-12 17:47:30,2017-11-12 22:17:30,4.5,1,109.603053434839,104.774627793252,17.8535436935163-4.708652743243i,-13.114899345612-7.061104045053i,"16LO","pre-breeding",0,-10.8805679452401,14.8949580456139,18.4640307915889,31.057663971959,1520.76520998013,1129.99946030743,2039.02841898435,337.636196276804,505.007220940543,129.732831718272,983.923482848668,318.019012903216,"16LO"
"92",49,50,678348,692193,-17.875,-21.125,26.625,26.375,2017-11-13 20:17:30,2017-11-14 01:32:30,5.25,1,360.72516387606,-175.869136489288,-4.6136698794349-63.8814700134489i,-7.8969725128444-25.2846545666316i,"16LO","pre-breeding",0,25.7878244323062,26.4891663028965,64.0478583625993,38.7362135322779,1302.46683674366,1100.74453694834,1430.46118367353,108.207045489719,364.218016747483,155.564901839656,657.969471322861,151.952262425765,"16LO"
"93",50,51,692193,707703,-21.125,-22.72003858,26.375,28.77132017,2017-11-14 18:57:30,2017-11-15 00:17:30,5.33333333333333,1,304.112048515308,125.945362465055,44.1788772670702-28.904053709446i,14.3970016634466-25.2607726817241i,"16LO","pre-breeding",0,25.8775501761994,29.0754242165961,52.7941049494865,30.0038932659858,1416.13979111839,738.206557409758,2236.91517945921,443.557740805602,497.156414119289,-41.8816921826799,1200.61205858914,373.009389343882,"16LO"
"94",1,2,8503,21865,-22.72040289,-19.125,28.76930617,27.875,2017-04-14 18:37:30,2017-04-15 03:32:30,8.91666666666667,1,408.790666593332,-13.3160595323836,-11.1106408617605+40.8604918881714i,-14.9752775165877+5.1299966726039i,"16LP","post-breeding",0,8.87960231210313,15.829586304125,42.3441393548428,35.9388884750702,1521.18299209312,1057.15648780259,2130.22445714822,293.44325305227,510.34980421523,96.3107136081105,940.48375591688,225.139781868076,"16LP"
"95",2,3,21865,35837,-19.125,-16.125,27.875,27.875,2017-04-15 18:02:30,2017-04-16 01:57:30,7.91666666666667,1,332.029071525538,0,0+38.8628867503134i,-19.2578936396182+8.8607969745122i,"16LP","post-breeding",0,8.86079697451222,21.1985893506708,38.8628867503134,35.6509727546119,1838.25845823761,1114.96469538268,2352.17585660152,425.576035896723,995.514540866787,90.2165034415382,1732.36695637076,610.424463577716,"16LP"
"96",3,4,35837,49359,-16.125,-14.625,27.875,27.125,2017-04-16 17:17:30,2017-04-16 22:17:30,5,1,184.477678681757,-25.9796285814688,-13.8980704023731+28.5209998716666i,-23.9321191710266+4.8317605706812i,"16LP","post-breeding",0,14.8270124502417,24.4150002709114,31.7270199449763,25.7266825173995,1309.40231382592,1206.24880838343,1456.22563103045,92.743935148568,238.730194444261,162.434619876073,373.847297364638,68.2927663888465,"16LP"
"97",4,5,49359,62426,-14.625,-13.375,27.125,25.625,2017-04-17 16:42:30,2017-04-17 20:32:30,3.83333333333333,1,213.039580659422,-49.7052093398565,-37.13621006054+31.4879920887282i,-15.3106079516523+5.0077367696761i,"16LP","post-breeding",0,14.9164218054186,16.1087598344368,48.6887229596378,34.3156062044323,1480.93851998394,1284.27555584172,2190.91239947022,317.063345695413,286.328351380687,59.8390860887405,959.912399470218,298.970337846458,"16LP"
"98",5,6,62426,76245,-13.375,-10.125,25.625,25.375,2017-04-18 16:42:30,2017-04-19 02:52:30,10.1666666666667,1,360.547956278912,-4.3606354323525,-2.5108973302147+32.9277567853202i,-12.2143106994459+2.3664458969974i,"16LP","post-breeding",0,3.28829839310464,12.441440915184,33.0233519242987,32.0647774704097,1436.20612908361,924.774472018354,2302.10535610008,468.402762657804,131.132043553064,-480.193148019182,1083.72870053455,529.065284680518,"16LP"
"99",6,7,76245,90830,-10.125,-8.375,25.375,26.375,2017-04-23 21:52:30,2017-04-24 03:07:30,5.25,1,222.568158648917,29.6655523469491,18.5019527940052+32.4827388963436i,4.73502492495943+8.44704475657142i,"16LP","post-breeding",0,9.68342006381828,9.6836473582792,37.3824903316998,27.6991497294085,1032.42910533245,770.836001255061,1231.96171387715,144.397411487184,320.776419194513,27.8167033778251,598.740329522911,178.365139494195,"16LP"
"100",7,8,90830,104487,-8.375,-2.625,26.375,25.875,2017-05-10 16:42:30,2017-05-11 03:52:30,11.1666666666667,1,638.273197668152,-5.00589060989438,-4.8052814921485+54.8596575313497i,-19.3996391926064+9.9930320171196i,"16LP","post-breeding",1,11.6476927694899,21.8221605185757,55.0697081404628,47.1806036600113,1397.12654987438,704.017651821586,1884.49874283786,431.45906158285,765.232076854155,-46.3579204375249,1366.90297662969,507.627841840593,"16LP"
"101",8,9,104487,118755,-2.625,2.375,25.875,26.375,2017-05-11 16:52:30,2017-05-12 03:37:30,10.75,1,555.667818740737,5.75115521345667,4.956603658219+49.2141202194334i,-3.98187562013801+3.09545185970521i,"16LP","post-breeding",2,2.68085461704875,5.04352611473381,49.4630927945019,46.9768877543437,1481.49710600043,706.352719724326,1831.93999316528,237.073675011148,966.228230013984,206.226498793307,1334.93999316528,236.037087039793,"16LP"
"102",9,10,118755,133035,2.375,4.375,26.375,26.875,2017-05-12 19:12:30,2017-05-12 22:57:30,3.75,1,228.02897256039,14.0892630604649,13.1014757108257+52.2005605273454i,4.0423917334064+13.993836984207i,"16LP","post-breeding",1,14.5569220802551,14.5660016636986,53.8195799423444,39.2660250905505,974.154749801465,843.775421796446,1293.09436317815,151.271801054064,316.262716027249,189.981001033696,639.178013533749,152.7981692454,"16LP"
"103",10,11,133035,147168,4.375,5.125,26.875,27.125,2017-05-14 21:47:30,2017-05-14 23:17:30,1.5,1,87.4509369152779,18.4803460575439,12.749340517361+38.1472440737364i,15.1084897015876-0.6855385806316i,"16LP","post-breeding",0,4.13889203388781,15.1240346537725,40.2213614146617,38.9043775628761,931.129983343919,901.584597447772,982.909072543244,44.9907849933609,263.083488002593,234.102162716789,309.203045469217,40.3772819697073,"16LP"
"104",11,12,147168,161303,5.125,5.375,27.125,27.375,2017-05-15 00:52:30,2017-05-15 01:12:30,0.333333333333333,1,39.1452997788136,45.0590162189284,24.6993284387538+24.6484988099182i,12.9524868855769+2.2877813487957i,"16LP","post-breeding",0,10.7842588218459,13.1529791310159,34.8942017949683,25.2584633707514,792.089782275948,792.089782275948,792.089782275948,NA,111.384244744775,111.384244744775,111.384244744775,NA,"16LP"
"105",12,13,161303,175743,5.375,5.375,27.375,28.125,2017-05-16 00:12:30,2017-05-16 02:07:30,1.91666666666667,1,83.1249448793997,89.9648717837902,28.945561544214+0.0177466138045i,6.158454858866+10.093743231587i,"16LP","post-breeding",0,6.16464220560289,11.8241371217479,28.9455669844656,24.9154156885049,717.228192221925,606.125175129258,816.113838620369,97.2250624145576,81.6588468310302,-2.01233600054672,152.435164042646,73.4993208176338,"16LP"
"106",13,14,175743,189573,5.375,5.875,28.125,27.875,2017-05-17 22:32:30,2017-05-18 00:02:30,1.5,1,61.8414350713529,-26.5947704831731,-10.3043810276632+20.5820653491392i,2.27495110402993+8.81010827115007i,"16LP","post-breeding",0,6.85951129151935,9.09908843099757,23.017421280402,17.2284233267431,647.16248693401,532.333245905837,753.491879477824,110.824053657362,64.6998819196364,-53.7952242966779,169.984886465589,112.47339499988,"16LP"
"107",14,15,189573,203710,5.875,5.625,27.875,28.125,2017-05-22 23:32:30,2017-05-23 00:27:30,0.916666666666667,1,39.1292588754586,134.941414195048,8.96882638740824-8.95050359389783i,2.5844260516691+1.91112273453143i,"16LP","post-breeding",0,0.479347496954148,3.21428812071799,12.6708863680426,12.5990275079235,556.11920131416,556.11920131416,556.11920131416,NA,-15.1340560039033,-15.1340560039033,-15.1340560039033,NA,"16LP"
"108",15,16,203710,217538,5.625,6.625,28.125,27.875,2017-05-23 20:22:30,2017-05-23 22:47:30,2.41666666666667,1,113.996470753029,-14.035445104494,-8.7371672783992+34.9507388821437i,-9.07796388800119-0.74737625654989i,"16LP","post-breeding",0,1.47654293342266,9.10867716085647,36.0262715314605,35.6997418307827,1030.83322223577,676.78264537089,1289.98338355107,289.970719700028,472.467693982787,109.712051491302,739.933134714163,290.280487346961,"16LP"
"109",16,17,217538,231369,6.625,6.875,27.875,27.625,2017-05-24 01:02:30,2017-05-24 01:37:30,0.583333333333333,1,39.0928433291996,-44.9758852329427,-14.0283844315182+14.0401979956687i,2.2622066652719+2.27342021244006i,"16LP","post-breeding",0,0.00927901595489505,3.20718232389923,19.8474867304665,20.0957810916297,557.404049614653,557.404049614653,557.404049614653,NA,15.8589266672348,15.8589266672348,15.8589266672348,NA,"16LP"
"110",17,18,231369,245200,6.875,7.125,27.625,27.375,2017-05-25 01:37:30,2017-05-25 02:07:30,0.5,1,39.0828390529366,-44.9600734770814,-16.3666841069787+16.3895102412451i,3.57617738829087+3.78398362325067i,"16LP","post-breeding",0,0.150567858125838,5.20649371204385,23.1621327732467,23.5927324813484,509.919720722414,509.919720722414,509.919720722414,NA,-3.01788065954935,-3.01788065954935,-3.01788065954935,NA,"16LP"
"111",18,19,245200,259333,7.125,7.875,27.375,27.625,2017-06-11 20:12:30,2017-06-11 22:17:30,2.08333333333333,1,87.4141852774667,18.3846161153443,9.1311367448167+27.4738366431238i,12.3736450344999+7.9425742744272i,"16LP","post-breeding",0,11.4397676050827,14.7034546125935,28.9515001018185,19.7985875689032,669.334446214419,614.10898575292,735.201586211056,51.9479443857062,159.540901801698,101.691102596501,226.574729507511,51.4458726761758,"16LP"
"112",19,20,259333,273315,7.875,8.375,27.625,27.625,2017-06-12 21:27:30,2017-06-12 22:27:30,1,1,55.2982327050774,0,0+28.0922006520921i,11.3754518111747+11.6703697169249i,"16LP","post-breeding",0,11.6703697169249,16.2971909615761,28.0922006520921,19.9769225650893,492.992009130843,445.488459181198,540.495559080489,67.1801645996564,17.3244713851805,-33.8456659395196,68.4946087098807,72.3655021930846,"16LP"
"113",20,21,273315,287908,8.375,8.125,27.625,28.625,2017-06-13 18:07:30,2017-06-13 20:02:30,1.91666666666667,1,113.591394810987,104.015772044177,43.5817983834232-10.8789063498033i,7.74572137908767+3.42873794384342i,"16LP","post-breeding",0,6.68472168325173,8.47068141119752,44.9190800629436,38.5866958976042,634.873124834404,542.875350166183,816.615090905699,126.173320583814,207.601769606757,127.434833454794,401.412936131978,130.710302993963,"16LP"
"114",21,22,287908,301585,8.125,8.875,28.625,28.125,2017-06-14 21:47:30,2017-06-14 23:12:30,1.41666666666667,1,99.5552241194522,-33.5352492492387,-28.254232392066+42.6304816479709i,-3.6956828114992+25.738410808878i,"16LP","post-breeding",0,23.4958316565072,26.0023818603177,51.1435197615774,29.80712020196,493.82139959284,477.80872544701,516.523886431077,20.2059673834282,84.8833799354535,69.8929091694533,107.42213753675,19.8706623209221,"16LP"
"115",22,23,301585,315873,8.875,8.875,28.125,28.625,2017-06-15 20:27:30,2017-06-15 21:22:30,0.916666666666667,1,54.9977243731386,89.9614299362875,29.9962223741187+0.020192698183i,2.5952353200139+12.1172265497862i,"16LP","post-breeding",0,2.60339174055436,12.3920307304772,29.9962291707248,29.9525010566071,465.716185228321,461.196401476384,470.235968980259,6.39193948098368,58.6916928363007,53.1722089780285,64.211176694573,7.805728929668,"16LP"
"116",23,24,315873,328359,8.875,3.375,28.625,26.125,2017-10-26 16:32:30,2017-10-27 03:42:30,11.1666666666667,1,668.177083240405,-155.391203774293,-24.0283721586439-52.4612362462095i,-19.2430320645032-15.5624253212904i,"16LP","pre-breeding",0,22.1621149546835,24.7484012598034,57.7022007992321,37.2078180963291,2130.10289368729,969.698545002538,2677.14540444585,423.525572283861,1564.49666163701,565.550476492193,2021.46982780781,373.514265461926,"16LP"
"117",24,25,328359,340839,3.375,-0.625,26.125,23.625,2017-10-27 16:27:30,2017-10-28 03:27:30,11,1,522.498969152315,-147.789686049424,-24.1014702455741-38.2572106767424i,-12.0034479713361+2.3705906690805i,"16LP","pre-breeding",1,4.39243078563157,12.2352958003027,45.2160926746545,42.3908054316453,1567.6865324914,653.018357309951,2426.85435910448,603.205728424285,1084.12048896319,146.13812992329,2003.38009022202,646.361364392836,"16LP"
"118",25,26,340839,356658,-0.625,-3.375,23.625,26.625,2017-10-28 16:42:30,2017-10-29 03:27:30,10.75,1,451.485094608228,132.379569710109,29.2193899776367-26.6618695142932i,2.29251398251836-0.0405210550765i,"16LP","pre-breeding",1,1.72078307075124,2.29287206706931,39.5553793644103,37.8649289533669,1041.91189026413,558.804845627027,1580.90874279095,370.186504200717,544.943660315266,82.8574520373412,1110.12787079354,367.950327906894,"16LP"
"119",26,27,356658,372015,-3.375,-4.625,26.625,28.875,2017-10-29 18:52:30,2017-10-30 02:42:30,7.83333333333333,1,285.543228409,119.026339166405,28.8377817071685-16.002378008641i,0.02114973980458+5.23833144542493i,"16LP","pre-breeding",0,-2.52320610800475,5.23837414124091,32.9802024815152,35.79896668976,1242.8098220288,783.651376701108,1687.47972456702,315.234560204355,527.736690761274,-263.998044871808,1049.17590721198,388.730742873512,"16LP"
"120",27,28,372015,386155,-4.625,-5.625,28.875,29.125,2017-10-30 18:57:30,2017-10-30 21:47:30,2.83333333333333,1,114.004293641035,165.938863996844,7.4666415896576-29.8115151728221i,-1.24463070692454-1.92298961834831i,"16LP","pre-breeding",0,1.56297930126584,2.29063193658319,30.7323473481575,29.2173941792853,891.348277629978,754.572969354862,956.735386190949,75.374230743014,-350.639073610855,-512.996345467836,-211.967447879958,126.136783954732,"16LP"
"121",28,29,386155,400139,-5.625,-5.625,29.125,29.125,2017-10-30 23:07:30,2017-10-30 23:57:30,0.833333333333333,1,0,0,0+0i,1.04053363334427-1.61709796743232i,"16LP","pre-breeding",0,NA,1.92294463737113,0,1.92294463737113,843.106377679562,843.106377679562,843.106377679562,NA,-231.893622320438,-231.893622320438,-231.893622320438,NA,"16LP"
"122",29,30,400139,413223,-5.625,-8.625,29.125,27.625,2017-11-04 16:52:30,2017-11-05 01:42:30,8.83333333333333,1,370.842174451693,-153.550225311869,-17.4038740993904-34.983534780215i,-5.6043468663515+4.16596283427581i,"16LP","pre-breeding",0,-1.23364155054458,6.98311894034115,39.0735529403962,40.8890206093304,1419.85995558725,876.058822836797,1781.78043086065,332.607391371422,488.66571306746,-152.450573593118,1042.40230238168,413.676234653568,"16LP"
"123",30,31,413223,427367,-8.625,-10.625,27.625,27.875,2017-11-05 18:12:30,2017-11-05 22:17:30,4.08333333333333,1,222.906152629845,172.949256301546,5.9162062522677-47.8333715665532i,-1.88047823875367-5.80429604231739i,"16LP","pre-breeding",0,5.52957738615866,6.10131551005908,48.1978519422112,42.746128227881,1881.7423453557,1575.85050116967,2032.75461530492,177.017809117043,349.076496495133,71.6781972822314,486.365500276949,159.975046739686,"16LP"
"124",31,32,427367,440905,-10.625,-13.125,27.875,27.125,2017-11-06 18:22:30,2017-11-06 23:07:30,4.75,1,288.371263474685,-163.614696767183,-15.6007114532436-53.0569129812191i,-9.5466183569507-12.8457834881642i,"16LP","pre-breeding",0,15.017126435992,16.0047516531204,55.3029674876857,40.664320704099,1559.38813512403,1357.38979590984,2051.2611324616,254.472883408505,292.475521530965,53.9124950341236,841.31073027207,270.272982513115,"16LP"
"125",32,33,440905,454740,-13.125,-13.875,27.125,26.875,2017-11-07 22:52:30,2017-11-08 00:12:30,1.33333333333333,1,87.2787806896891,-161.963296625683,-14.0870439775195-43.261147815113i,4.60005339106591-7.13485756266989i,"16LP","pre-breeding",0,5.35994208155809,8.48920983603566,45.4969418566306,40.6732892137673,1246.7810146292,1234.46510682505,1259.36721233913,12.4532528776008,31.6253583856055,7.97627475816444,52.732200199709,22.4860058838911,"16LP"
"126",33,34,454740,468578,-13.875,-15.375,26.875,26.625,2017-11-10 19:42:30,2017-11-10 22:17:30,2.58333333333333,1,168.138853565317,-170.813465300461,-8.7828790642324-54.3079990917329i,-8.691394271734-12.4372429637099i,"16LP","pre-breeding",0,13.665294626632,15.1731785373099,55.0136140423858,41.87085607197,1446.54796915748,1267.58635271661,1633.9767660854,145.019378766516,298.147230779217,162.852856993071,473.053781315337,124.178493272837,"16LP"
"127",34,35,468578,482565,-15.375,-16.125,26.625,26.625,2017-11-11 21:32:30,2017-11-11 22:57:30,1.41666666666667,1,82.992112179071,180,0-39.9922029651704i,-8.80138453914235-2.32305193664896i,"16LP","pre-breeding",0,2.32305193664896,9.10279847663467,39.9922029651704,38.6837085737059,1127.2188847227,1124.83148843227,1129.60628101314,3.37628821268764,118.216489199741,115.826697386346,120.606281013136,3.37967599375163,"16LP"
"128",35,36,482565,497317,-16.125,-18.125,26.625,27.875,2017-11-12 17:57:30,2017-11-13 00:12:30,6.25,1,258.231771424351,149.177343472325,19.06799833719-31.9581255561163i,-15.3357058376914-5.619283843004i,"16LP","pre-breeding",0,-3.03214574011143,16.3327959776778,37.2143836392271,43.3283907356497,1343.71643846786,701.21160609755,2053.91182431254,436.266287284512,375.719063549505,-129.43239741347,1026.58383933775,377.74501565621,"16LP"
"129",36,37,497317,511927,-18.125,-22.72040289,27.875,28.76930617,2017-11-13 17:07:30,2017-11-14 01:57:30,8.83333333333333,1,517.241421415083,169.75764839057,11.1059166729962-53.7978767444642i,-3.6944349333832-14.2453630257667i,"16LP","pre-breeding",0,13.2042670213625,14.7166306338402,54.9322576211837,42.2309335575264,1363.93547673127,654.337058992772,1908.46649992995,426.370310202551,344.570769300091,-139.909241108676,796.899425344927,279.092881732331,"16LP"
"130",1,2,8503,21876,-22.7466829,-21.875,28.7814561,27.875,2018-03-22 19:52:30,2018-03-22 22:32:30,2.66666666666667,1,134.31274866148,-44.229331952587,-31.3061866544091+25.0519882799475i,-23.1244465817598-3.0011637639433i,"20IK","post-breeding",0,16.1800452433007,23.3183835985831,40.0958780876455,29.2219131853828,788.923710722548,737.718427932493,861.62085952179,30.4279743534163,-8.13308078289102,-124.157422734485,69.9324882877105,42.813619408558,"20IK"
"131",2,3,21876,36009,-21.875,-21.125,27.875,28.125,2018-03-23 20:52:30,2018-03-24 00:07:30,3.25,1,86.9893530462325,17.3711912205418,5.6576322512693+18.0853885008115i,-11.8660478958183-8.0179368554251i,"20IK","post-breeding",0,-11.1949818985845,14.3209777628288,18.9496722904616,31.439830797111,1044.83325333414,722.654303021552,1326.48352236251,145.515328034231,131.809827635015,-173.304387966502,453.987799905831,155.570573582245,"20IK"
"132",3,4,36009,50141,-21.125,-20.125,28.125,28.375,2018-03-24 21:17:30,2018-03-25 00:17:30,3,1,113.737129550574,13.28818299114,6.7702911761451+28.666754687334i,3.57398724603584-9.13897883682306i,"20IK","post-breeding",0,-8.07281708862018,9.81296688136297,29.4553843450323,37.9406094589057,1791.59414720528,1066.29799138889,2103.06735526554,323.218906240594,589.459489950036,-35.0510197905414,933.690259025856,294.830359637811,"20IK"
"133",4,5,50141,63973,-20.125,-20.125,28.375,28.125,2018-03-26 01:37:30,2018-03-26 03:42:30,2.08333333333333,1,26.1410559849313,-90.0430087378932,0+0i,-9.17072910025916+7.66762948336882i,"20IK","post-breeding",0,NA,11.9538618916469,0,11.9538618916469,1516.92136578047,1243.30411854614,1834.85394257141,194.757587120514,282.421365780472,-10.8112660692414,612.123173340644,202.781999102077,"20IK"
"134",5,6,63973,77806,-20.125,-20.375,28.125,27.875,2018-03-26 22:32:30,2018-03-26 23:02:30,0.5,1,38.0561781706998,-136.700605535021,-16.5000829893693-17.5098334996179i,-20.3517970923802+4.0971111023902i,"20IK","post-breeding",0,10.9756838822572,20.7601051123241,24.0592395524134,21.947568351997,1346.27336652858,1312.41565619131,1374.625797027,25.832045645773,132.788200386351,76.5046593379577,165.625797027,33.9477947549556,"20IK"
"135",6,7,77806,91485,-20.375,-20.125,27.875,27.375,2018-03-30 18:32:30,2018-03-30 19:17:30,0.75,1,59.1190669371669,-62.1721682649714,-39.0101399599905+20.591936740635i,-11.0448729936676+0.8567651570668i,"20IK","post-breeding",0,10.1675330765682,11.0780533479764,44.1114370478718,34.2276664984715,1403.09801425285,1289.10898751085,1458.13028291362,53.7322640217219,265.399309505359,132.020565817755,351.428457631132,75.6640103582325,"20IK"
"136",7,8,91485,105305,-20.125,-17.125,27.375,27.125,2018-03-31 18:37:30,2018-04-01 02:27:30,7.83333333333333,1,333.109479769448,-4.58288289655668,-3.1504882941571+39.3037670981718i,-10.2873857683089+7.3030355296273i,"20IK","post-breeding",0,8.10165999721252,12.6160466824202,39.4298324191081,32.7869200517309,1184.99071681651,644.525364494208,1620.19364594455,242.571373432132,260.452329745159,-28.7795026083402,658.357152124861,154.861690558066,"20IK"
"137",8,9,105305,119439,-17.125,-16.625,27.125,27.375,2018-04-02 19:37:30,2018-04-02 20:42:30,1.08333333333333,1,61.4123714776234,25.7436285627994,14.0754622008648+29.1897482021425i,-4.58412451513443+2.25346602983507i,"20IK","post-breeding",0,0.0387097440799869,5.10806291248229,32.4061728112478,32.7680251720799,1209.24935902133,1118.61208164818,1309.50911545427,60.8619404209188,-6.93692707417899,-94.3879183518175,96.2423514003351,60.4496258793444,"20IK"
"138",9,10,119439,132965,-16.625,-16.125,27.375,26.625,2018-04-03 23:27:30,2018-04-04 01:12:30,1.75,1,97.3725113582001,-55.4784847477174,-33.3686688305549+22.9521045678821i,-9.74829566670046+3.02388313469834i,"20IK","post-breeding",0,9.745433744568,10.2065242672383,40.5002118959672,30.9039809391888,1100.70453275191,1053.61725012769,1188.56839663499,35.7566398139606,-34.2879626977442,-82.2348749802925,75.0430167432548,40.1772559741556,"20IK"
"139",10,11,132965,146630,-16.125,-12.375,26.625,26.125,2018-04-25 16:52:30,2018-04-26 02:42:30,9.83333333333333,1,418.399658998784,-7.47256150618183,-5.2132910853876+39.7459515576756i,-26.8225994596387+3.7707947258277i,"20IK","post-breeding",0,7.22708646411107,27.0863569834805,40.0863950632391,41.9663450575522,1543.9933790698,1095.78789102754,1994.01935831372,240.560212121575,382.559805838511,2.98592983512776,803.957416952158,214.468498203496,"20IK"
"140",11,12,146630,160445,-12.375,-8.125,26.125,25.875,2018-04-26 16:57:30,2018-04-27 02:57:30,10,1,470.88894818233,-3.35743206433644,-2.6161794240398+44.5949251009663i,-12.7024846201888+9.5372068120204i,"20IK","post-breeding",0,10.264754668463,15.8843139386434,44.6715988021423,36.4798185869524,1338.93988359192,716.26485257405,2587.09948891915,480.461308544315,145.918364316129,-583.440421895895,1124.52395523652,437.457379503753,"20IK"
"141",12,13,160445,174420,-8.125,-5.875,25.875,25.875,2018-04-27 18:22:30,2018-04-28 00:12:30,5.83333333333333,1,248.829541489469,0,0+38.214550199157i,-13.8916706284379+8.5557162149729i,"20IK","post-breeding",0,8.55571621497292,16.3149867545198,38.214550199157,32.7509533624656,1251.47238366529,736.756871345298,1938.01395473401,303.640336614398,398.995235586268,-48.0589759536464,1042.38246722429,276.023809501018,"20IK"
"142",13,14,174420,188095,-5.875,-4.625,25.875,25.375,2018-05-01 18:32:30,2018-05-01 21:27:30,2.91666666666667,1,148.927892554221,-21.8733801821863,-15.6011367877574+38.8612085096345i,-18.3964207367693+6.4843748614925i,"20IK","post-breeding",0,12.8712703007771,19.5057789710791,41.8758760612791,32.497276338719,926.43745610654,674.352803200182,1606.13916976401,238.178548084865,303.856711333608,1.28564015147992,1023.92526305407,257.745510399472,"20IK"
"143",14,15,188095,202229,-4.625,-4.125,25.375,25.625,2018-05-02 21:32:30,2018-05-02 22:37:30,1.08333333333333,1,61.8631158972598,26.6609600190835,14.3102884486003+28.5012046727189i,-2.91686764597595+6.61005625303705i,"20IK","post-breeding",0,4.5984292801591,7.22502322020182,31.8920526664302,27.8567278451622,631.00573136707,589.613770201783,667.334145192951,26.3965116382555,71.4768789967184,28.7818255271503,108.722484556574,25.7765500743818,"20IK"
"144",15,16,202229,216211,-4.125,-3.625,25.625,25.625,2018-05-07 00:47:30,2018-05-07 01:37:30,0.833333333333333,1,55.2896769878658,0,0+33.6194944759641i,4.94911497406587+3.84912179510584i,"20IK","post-breeding",0,3.84912179510584,6.26972707700119,33.6194944759641,30.1789467772438,644.332437847514,546.097602641577,730.569008444611,63.8500078188982,121.013383782489,21.0955558318425,212.932435421862,64.343480122644,"20IK"
"145",16,17,216211,230187,-3.625,-1.625,25.625,25.625,2018-05-07 18:02:30,2018-05-07 23:52:30,5.83333333333333,1,221.153434229061,0,0+33.4277968434081i,-6.14122838555537-1.74144985928358i,"20IK","post-breeding",1,-1.74144985928358,6.38336382293457,33.4277968434081,35.7014089318383,886.071946241304,567.74199089106,1232.40556734589,239.452850637895,387.507501622511,77.6292147419508,734.607343187675,241.409687347979,"20IK"
"146",17,18,230187,244611,-1.625,2.375,25.625,26.375,2018-05-11 18:37:30,2018-05-12 03:42:30,9.08333333333333,1,450.106540870065,10.6891142753954,8.6863934092074+46.0193610598059i,0.03138963773286+6.84091701177101i,"20IK","post-breeding",2,6.72803593633492,6.84098902727486,46.8319871755652,40.1230553212145,909.306093370797,602.406805773273,1638.94655246326,238.310150448191,400.860065241647,97.7914581529722,1159.37120583076,241.084321633328,"20IK"
"147",18,19,244611,258433,2.375,4.875,26.375,26.125,2018-05-12 18:02:30,2018-05-12 23:12:30,5.16666666666667,1,277.83874930197,-5.72978892278444,-4.8701977595626+48.537730138621i,3.143422825627+12.5619690903093i,"20IK","post-breeding",1,12.1853767937047,12.9492924318882,48.7814521434822,36.857475468195,905.699091182427,751.444857865892,1137.80103644849,105.773575188667,258.652552769044,111.444857865892,482.43480665188,103.231936279938,"20IK"
"148",19,20,258433,272566,4.875,5.625,26.125,26.375,2018-05-13 22:32:30,2018-05-13 23:52:30,1.33333333333333,1,87.4454674049409,18.465931234217,14.330625981764+42.9145112886931i,1.0231431842687+11.1113405173536i,"20IK","post-breeding",0,10.8633127072587,11.1583471028688,45.244028558215,34.4750746121979,705.725093368922,677.344518722237,762.279700553311,24.3501207125685,70.476700655932,38.6577308061612,120.831864062085,22.1062107926815,"20IK"
"149",20,21,272566,287305,5.625,6.875,26.375,27.625,2018-05-15 22:47:30,2018-05-16 02:07:30,3.33333333333333,1,195.556957862884,44.9530182719449,35.7271018612828+35.7857413934755i,15.9940931942179+9.8160385067597i,"20IK","post-breeding",0,18.2469308693359,18.7660765497617,50.5672334074862,32.6162091463547,707.385490141134,508.304640618987,898.862335211428,98.0798795387292,105.586594639174,-30.6953593810133,236.826992440751,64.1765590613638,"20IK"
"150",21,22,287305,301286,6.875,7.625,27.625,27.625,2018-05-16 21:32:30,2018-05-17 00:57:30,3.41666666666667,1,82.9439827530904,0,0+16.3491878230516i,0.2635106124335+11.5033813730247i,"20IK","post-breeding",0,11.5033813730247,11.5063991264043,16.3491878230516,4.85296589664378,560.668458690493,491.470717044671,637.70944369365,31.9679150061079,47.7535670044828,-17.8153043483127,103.994555669307,28.4564001708648,"20IK"
"151",22,23,301286,314962,7.625,8.625,27.625,27.125,2018-06-02 21:37:30,2018-06-03 01:37:30,4,1,123.563875520408,-26.4498897132996,-10.7596512668438+21.6278707410688i,-2.21495241312165+2.47471741917103i,"20IK","post-breeding",0,3.20224744149458,3.32118058785456,24.1564667982814,20.9727242072394,869.241858219659,499.047925042087,1481.51894156792,266.255344805193,384.766040890669,18.8494073894388,1014.42943915359,272.849706838983,"20IK"
"152",23,24,314962,328639,8.625,9.375,27.125,26.625,2018-06-19 20:22:30,2018-06-19 22:12:30,1.83333333333333,1,99.5164679941753,-33.4971807785225,-21.8093337197079+32.9538318487485i,7.0695514389328+16.3102272459219i,"20IK","post-breeding",0,9.69965335747394,17.7764470679979,39.5171111142146,33.3316603574018,778.404741840708,516.31444867133,1060.78615697889,185.975970584913,314.609236700778,46.5505678419182,596.407678816059,184.476161039237,"20IK"
"153",24,25,328639,342317,9.375,9.875,26.625,26.125,2018-06-20 21:57:30,2018-06-21 01:12:30,3.25,1,77.9123108541392,-44.7393993930258,-10.9815074142054+11.08185977137i,3.7059743161378+14.0318387528181i,"20IK","post-breeding",0,7.35846070798921,14.5129853723126,15.6013179276803,14.9808042364271,494.288307665086,451.989874592757,544.120177343788,19.8281594347666,42.2375009818899,-11.2728783280822,98.2298952145518,22.5230211103906,"20IK"
"154",25,26,342317,356149,9.875,9.875,26.125,25.875,2018-06-21 21:27:30,2018-06-21 22:12:30,0.75,1,27.4202512276576,-89.9785625606609,0+0i,2.91892028390838+4.03678243436933i,"20IK","post-breeding",0,NA,4.98153671533639,0,4.98153671533639,471.54521823956,439.225568122657,536.786272239234,29.9404376745641,-9.95478176044042,-55.4744318773427,68.4862722392344,38.1603074219147,"20IK"
"155",26,27,356149,369682,9.875,8.625,25.875,25.125,2018-10-25 18:42:30,2018-10-26 01:27:30,6.75,1,160.95153880236,-149.140298829609,-10.2055717148895-17.0795177963864i,-11.7718424342754-2.5371237132959i,"20IK","pre-breeding",0,8.21615337878873,12.0421456158766,19.8963218255242,14.6264975176667,1361.99645733456,485.891934956858,2230.03322151565,550.010556948611,781.729622897367,-12.1080650431421,1613.70714201142,511.094409763261,"20IK"
"156",27,28,369682,383074,8.625,4.625,25.125,24.125,2018-10-26 16:37:30,2018-10-27 03:07:30,10.5,1,455.96449442728,-165.903997708596,-10.0035653394619-39.8376269891906i,-9.1400852089294-10.557345309719i,"20IK","pre-breeding",0,12.4654966395399,13.9641934108324,41.0744183602247,29.293010995202,1471.64763863628,600.634874762338,2352.10260407737,395.755038840661,814.832158837467,37.6096048041136,1688.04922765132,415.797866257856,"20IK"
"157",28,29,383074,396912,4.625,3.125,24.125,23.875,2018-10-27 17:17:30,2018-10-27 21:07:30,3.83333333333333,1,168.177011125603,-170.48801164955,-6.1055633952341-36.4385698309867i,-9.84142683946843+0.31477062603229i,"20IK","pre-breeding",0,1.31589198553489,9.84645940344154,36.946546194481,36.9427220223892,702.282566879866,425.191096933813,1668.17574868278,341.79962113709,176.28983427141,-127.562805994437,1180.4054951142,361.144105601611,"20IK"
"158",29,30,396912,410602,3.125,0.625,23.875,23.375,2018-10-27 22:02:30,2018-10-28 03:37:30,5.58333333333333,1,281.980141050385,-168.612735689202,-9.0584007521908-44.9762563103245i,-10.7941022177232-6.7181823595593i,"20IK","pre-breeding",1,8.71711702414013,12.7140322833847,45.8793881375863,38.2974265715031,698.474812653539,586.988904114405,1165.1063552588,141.492446760516,258.340320308774,118.086019246091,729.873130475646,141.293073595756,"20IK"
"159",30,31,410602,424287,0.625,-0.625,23.375,22.875,2018-10-28 17:42:30,2018-10-28 20:52:30,3.16666666666667,1,149.003600737717,-158.065051030067,-14.418134478468-35.8031152284887i,2.65365914902553-7.63760575475638i,"20IK","pre-breeding",2,6.0934244256472,8.08547639563029,38.597223499931,32.9354225959625,631.18265370016,463.821559188601,1006.8485233793,177.278583455388,138.699442224724,-38.9388729306535,579.828544833955,211.795651505375,"20IK"
"160",31,32,424287,438276,-0.625,-1.875,22.875,22.875,2018-10-29 00:37:30,2018-10-29 03:42:30,3.08333333333333,1,138.218560275642,180,0-36.1640638351109i,4.86889645197703-1.84111534679189i,"20IK","pre-breeding",2,1.84111534679189,5.20536822715427,36.1640638351109,34.6665681253838,572.344258155816,502.111672061469,679.592216081666,40.0611888296026,166.536745179093,97.7495144981543,266.804830227228,37.9042917762643,"20IK"
"161",32,33,438276,452115,-1.875,-3.625,22.875,22.625,2018-10-29 17:42:30,2018-10-29 23:37:30,5.91666666666667,1,195.495878214914,-171.830946510942,-4.0620258114606-28.2967611612953i,1.51580841318204+1.59341698590287i,"20IK","pre-breeding",1,-1.79263654019451,2.19923914944175,28.5868281890867,30.4061668795795,644.57614094546,498.341625116338,825.679693026978,94.4880474505144,160.075197291088,48.8576313372811,324.944928724642,80.9330231383739,"20IK"
"162",33,34,452115,466860,-3.625,-3.875,22.625,23.875,2018-10-31 20:22:30,2018-11-01 00:22:30,4,1,141.578498932816,101.30039210335,27.9399560846373-5.5831529790634i,-8.32565775714819-2.18598270217367i,"20IK","pre-breeding",0,-7.73590132254476,8.60785092014054,28.4923277953748,36.424380752618,662.71344999927,526.16199603769,1008.15191643442,107.04947330921,145.404768325976,5.06936088612599,501.806805091435,111.253427416168,"20IK"
"163",34,35,466860,480392,-3.875,-4.875,23.875,23.125,2018-11-01 20:32:30,2018-11-02 01:07:30,4.58333333333333,1,138.412970450362,-143.054518156209,-14.6035849637319-19.4180268021627i,19.3243027499094-7.909273379033i,"20IK","pre-breeding",0,-5.29381266098214,20.8802605863633,24.2965935612884,35.8267074968361,869.222175277971,574.355425943599,1287.65253694228,221.572358189779,340.021146106538,43.3554259435987,763.863133987856,226.012174753535,"20IK"
"164",35,36,480392,494682,-4.875,-5.375,23.125,23.625,2018-11-02 21:47:30,2018-11-02 23:47:30,2,1,78.2980735443602,134.945925474786,18.0177813397494-17.9838038074019i,5.12545055740232-8.17105786091309i,"20IK","pre-breeding",0,9.40001458903033,9.6455393826766,25.4569763285066,16.2019188990621,645.690547137735,606.988479721636,721.094903132845,28.1610559400442,102.18803107476,58.347322196789,179.722980279305,29.8127289787492,"20IK"
"165",36,37,494682,509279,-5.375,-6.625,23.625,24.625,2018-11-04 21:02:30,2018-11-05 00:42:30,3.66666666666667,1,177.102810328359,141.359044861678,25.574638296153-31.9898709702988i,-2.14986183169554-2.10187732399767i,"20IK","pre-breeding",0,0.299266834365529,3.00662504820886,40.9562445626478,40.7668992141959,784.563715364429,630.361467832967,1037.75196543149,114.852188985173,98.9160425254482,-128.240877316001,474.011691710829,166.791439885127,"20IK"
"166",37,38,509279,523578,-6.625,-9.375,24.625,25.125,2018-11-07 19:47:30,2018-11-08 01:37:30,5.83333333333333,1,309.092699033421,169.761097958578,8.6359436527276-47.8102788785524i,7.08484021780243-0.64656646323659i,"20IK","pre-breeding",0,1.89562114701774,7.11428205114002,48.5839715257825,47.1892115918507,1062.22186995019,623.020276851294,1620.77411310559,307.250453463331,84.8928460573007,-301.696742846025,535.27694719574,238.655746517891,"20IK"
"167",38,39,523578,537563,-9.375,-9.625,25.125,25.125,2018-11-08 20:32:30,2018-11-08 21:02:30,0.5,1,27.6511327049479,180,0-0.743177532792501i,4.07511670356264-0.5400109748707i,"20IK","pre-breeding",0,0.540010974870702,4.11074056596084,0.743177532792501,4.08017803507555,762.058742031921,671.27391487891,858.151814114626,60.2919270752165,-117.441257968079,-201.440370835375,-17.2767573139454,59.5588452888726,"20IK"
"168",39,40,537563,551549,-9.625,-10.125,25.125,25.125,2018-11-09 22:12:30,2018-11-10 01:07:30,2.91666666666667,1,55.3034738974032,180,0-9.67594401987539i,-7.60425598888473+5.54953948711525i,"20IK","pre-breeding",0,-5.54953948711525,9.4139310420005,9.67594401987539,17.018814799102,1196.78299854457,848.954339042989,1624.16120177982,212.323490643987,240.0318771712,-159.040497296053,672.344810007295,227.491393237916,"20IK"
"169",40,41,551549,564784,-10.125,-12.875,25.125,23.875,2018-11-11 19:07:30,2018-11-12 01:42:30,6.58333333333333,1,333.365010894397,-155.974962809148,-19.0304994273767-42.6929834092217i,-3.6776883618261-12.5434127235398i,"20IK","pre-breeding",0,12.9540658201667,13.0714419418735,46.7423869826463,33.8334955354221,1428.74641179471,1080.11769580147,1912.89107105948,164.946885313836,150.014393385464,-109.319994885125,612.86946969295,160.05182742698,"20IK"
"170",41,42,564784,578921,-12.875,-13.125,23.875,24.125,2018-11-16 01:32:30,2018-11-16 01:52:30,0.333333333333333,1,38.7363077179377,135.589113712822,24.6174537967553-25.1289631861934i,-10.3287510805364-1.8070086652971i,"20IK","pre-breeding",0,-5.93723240996746,10.4856272678434,35.1778882573762,42.0136977425268,1142.51302370583,1125.73668564477,1154.74441504615,12.1945607847755,-21.5810016580798,-41.6138026947674,-11.3499499851916,14.235111711637,"20IK"
"171",42,43,578921,593059,-13.125,-13.625,24.125,24.375,2018-11-18 23:22:30,2018-11-19 00:27:30,1.08333333333333,1,61.5895301262132,153.945149220946,14.1064460021593-28.8523642044312i,-10.5418631571963-16.2578115607122i,"20IK","pre-breeding",0,9.97527755868823,19.3764629271877,32.1162067965222,27.6796297068906,1208.57410438993,1153.59888265867,1239.64646503795,27.8497160915921,81.8005953699044,26.8574822068192,114.64646503795,28.6067408623023,"20IK"
"172",43,44,593059,607196,-13.625,-13.875,24.375,24.625,2018-11-21 22:57:30,2018-11-21 23:22:30,0.416666666666667,1,38.6788869688345,135.680981681206,19.7031772186175-20.177192588874i,19.6398634034123-5.0301352208329i,"20IK","pre-breeding",0,17.320310634575,20.2737883693344,28.2016718170529,15.1471896914881,1321.75289943194,1225.42008832874,1404.40611061795,84.4589821748106,174.473299698242,68.7791211429226,251.103298024877,83.8177262345861,"20IK"
"173",44,45,607196,621338,-13.875,-15.375,24.625,24.875,2018-11-25 18:12:30,2018-11-25 21:52:30,3.66666666666667,1,168.138853565317,170.813465300461,6.1879375225274-38.2624539055391i,-3.36590180456347-9.34096355372828i,"20IK","pre-breeding",0,8.68379109454895,9.92889193566149,38.7595917116809,30.458635065573,1477.8138860951,1200.16842725409,1790.27368825633,166.937146208148,307.138013091432,41.5635035710404,640.27368825633,175.8563407338,"20IK"
"174",45,46,621338,635169,-15.375,-15.125,24.875,24.625,2018-11-26 20:17:30,2018-11-26 20:47:30,0.5,1,38.5548939573023,-44.1852658989433,-16.4998149493267+16.9758642509741i,-1.88205055591177-3.89173832689807i,"20IK","pre-breeding",0,-1.47897316335209,4.322932048975,23.6732731245497,25.4781450111543,1158.54476322492,1073.33678331997,1237.64323782824,64.2633457885284,9.19841569090791,-72.7413018840753,87.6432378282411,63.2350362249033,"20IK"
"175",46,47,635169,651144,-15.125,-18.875,24.625,27.875,2018-11-27 17:47:30,2018-11-28 02:32:30,8.75,1,540.321586854473,140.638068134805,37.3475119915176-45.5292467573246i,4.9679091869894-15.3170570484077i,"20IK","pre-breeding",0,14.9931934382148,16.1025575084938,58.8875959964906,44.2856080999978,1691.85698229365,1002.46921046258,2297.86425369538,393.485794660348,638.95622173341,-23.3772574255846,1217.46045541813,356.101209168503,"20IK"
"176",47,48,651144,665594,-18.875,-21.375,27.875,28.625,2018-11-28 18:52:30,2018-11-29 01:57:30,7.08333333333333,1,287.658941582635,164.307239098493,10.0348147152167-35.7173127803522i,-7.80601620770788-1.75754480486766i,"20IK","pre-breeding",0,-0.419328032775653,8.00142817102768,37.1001878515223,38.3609318052772,1145.64433739544,805.086908918914,1961.49621756939,268.46880493656,-5.003269012341,-410.097355125146,835.416653041757,308.206768637124,"20IK"
"177",48,49,665594,679433,-21.375,-23.125,28.625,28.375,2018-11-29 17:42:30,2018-11-29 22:12:30,4.5,1,195.489802069738,-172.472098660199,-4.9663659614995-37.5818644008701i,-28.3972863293623-3.1736820257619i,"20IK","pre-breeding",0,6.86662817777629,28.5740814108246,37.9085916740378,41.6284883660677,855.547410864923,761.598680634577,1018.72169712206,52.1729667144653,55.8979625310147,-33.9470614700203,195.065146329133,51.3823709766155,"20IK"
"178",49,50,679433,693418,-23.125,-23.375,28.375,28.375,2018-11-30 00:12:30,2018-11-30 00:37:30,0.416666666666667,1,27.6868797512388,180,0-5.36641695466732i,-19.6258681065028-7.7431351270429i,"20IK","pre-breeding",0,7.74313512704292,21.0981240997746,5.36641695466732,19.7692561368592,985.570770481382,965.433700349114,1010.48830519318,16.1055306930101,63.0707704813824,39.767033682447,94.3216385265097,19.7849436494918,"20IK"
"179",50,51,693418,707705,-23.375,-23.125,28.375,28.875,2018-12-03 23:17:30,2018-12-04 00:27:30,1.16666666666667,1,58.1769075520546,61.6803865575142,24.6556480405654+13.2865877433685i,3.6921398333354-4.57034946036586i,"20IK","pre-breeding",0,1.08211993716184,5.87537154048733,28.0077559644193,27.5379534942724,959.320569277123,835.346417913934,1352.79224860111,131.066642010229,50.9745004246544,-58.8284422589977,469.49479458538,138.562198899606,"20IK"
"180",51,52,707705,721687,-23.125,-22.7466829,28.875,28.7814561,2018-12-04 22:57:30,2018-12-05 01:12:30,2.25,1,42.980662246174,-12.9174935734113,0+13.3626132278946i,-9.4312518185761-9.53052268215899i,"20IK","pre-breeding",0,-9.53052268215899,13.4081830782751,13.3626132278946,24.7597290506495,831.687972288714,715.382010959091,1015.83043197333,79.2545978906723,5.64718468432814,-84.0196970816476,155.625619962487,52.2912166785466,"20IK"
"181",1,2,8503,21252,-22.7254083,-17.875,28.7749111,26.875,2019-04-16 16:47:30,2019-04-17 04:12:30,11.4166666666667,1,572.446069264192,-20.6187984231783,-17.8303203836227+44.0753739454662i,-13.8920630896841+1.7886863446687i,"22NO","post-breeding",0,6.86790728883316,14.0067417955558,47.5453353486471,42.4696811709329,1685.32473071562,834.660041561848,2529.08948132288,539.992555335242,736.085548086732,10.1235835943289,1508.06578294113,453.197178031356,"22NO"
"182",2,3,21252,34619,-17.875,-15.625,26.875,25.875,2019-04-17 16:57:30,2019-04-17 23:17:30,6.33333333333333,1,270.865732551294,-23.3273998903379,-15.3632700898154+35.6262073224076i,-22.3066282816795-4.1226889182369i,"22NO","post-breeding",0,5.0473945050508,22.6844049781689,38.7976380212995,40.350774160232,2125.84125115286,1042.59703378444,2890.15664559278,468.239750405764,998.296420735772,142.291082371341,1661.15664559278,416.278139587884,"22NO"
"183",3,4,34619,49054,-15.625,-14.375,25.875,26.625,2019-04-18 17:22:30,2019-04-18 23:07:30,5.75,1,160.112739883194,30.3486299208306,11.7771289579984+20.1149286360857i,-22.5312699504815+6.7112315905504i,"22NO","post-breeding",0,-5.59258357725951,23.5095460407782,23.309035169396,36.8337525939439,1224.31115877545,1106.08093574413,1352.1328137147,65.8368657171248,100.322164386804,-17.7742052857211,231.168930478603,66.441754596222,"22NO"
"184",4,5,49054,63036,-14.375,-13.875,26.625,26.625,2019-04-19 19:47:30,2019-04-19 21:02:30,1.25,1,55.3202204331553,0,0+22.9608469722502i,-19.2521437828762+4.8129765500532i,"22NO","post-breeding",0,4.81297655005323,19.8446411786129,22.9608469722502,26.457328684079,1216.86134493354,1155.1665342414,1251.08330818562,23.3769583350159,63.7962220774915,16.9167034851032,91.7854028008919,18.9035854921836,"22NO"
"185",5,6,63036,77019,-13.875,-13.625,26.625,26.625,2019-04-20 21:52:30,2019-04-20 22:17:30,0.416666666666667,1,27.6592588035409,0,0+1.94860432271286i,-15.7857387110315+3.5531264809785i,"22NO","post-breeding",0,3.55312648097854,16.180675339515,1.94860432271286,15.8670740216753,1267.05900288748,1249.2952079672,1288.63909447757,16.0209215478154,78.5590028874795,57.1285413005367,100.139094477575,16.3182535368951,"22NO"
"186",6,7,77019,90994,-13.625,-11.375,26.625,26.625,2019-05-02 20:22:30,2019-05-03 01:12:30,4.83333333333333,1,248.909492070392,0,0+46.2252491533352i,-17.2138115310992+8.8512886237582i,"22NO","post-breeding",0,8.8512886237582,19.3561519349605,46.2252491533352,41.1476394595678,1603.08964169552,1208.98175620558,2426.30895485519,343.822129136972,293.517793734384,-85.4107475069031,1196.70582136703,400.80744402375,"22NO"
"187",7,8,90994,104670,-11.375,-10.375,26.625,26.125,2019-05-03 19:37:30,2019-05-03 21:52:30,2.25,1,123.384688897178,-26.3467303139329,-19.0798426482613+38.5259894819956i,-16.4737731458753+2.7190295665378i,"22NO","post-breeding",0,9.74768675384075,16.6966560557936,42.9917696896656,35.9016709449361,1467.67876517087,1303.80311501533,1557.23945128529,61.0874892466787,46.9796160608806,-76.4604155947227,113.435325996334,56.9203129295738,"22NO"
"188",8,9,104670,118802,-10.375,-9.375,26.125,26.375,2019-05-06 20:07:30,2019-05-06 22:52:30,2.75,1,113.955038402134,13.9449551635776,7.6477943089538+30.7996525652775i,-16.0749368281023+8.4759449118172i,"22NO","post-breeding",0,4.35224656664773,18.1726507746019,31.7349547964681,32.5747739209072,1484.33630029713,1184.03972973704,1603.5033341425,76.4184828591937,159.067077967773,-155.18330442871,594.654914375861,149.190242516528,"22NO"
"189",9,10,118802,133089,-9.375,-9.125,26.375,26.875,2019-05-07 21:47:30,2019-05-07 22:57:30,1.16666666666667,1,61.5064263666123,63.325004516315,26.1365707228559+13.131037155299i,-10.5070510215673+4.8149505857293i,"22NO","post-breeding",0,-7.22718683907572,11.5577623402124,29.2496917235839,37.5754216261234,1565.23671475359,1051.26544689506,1799.63025891326,240.429661618851,518.720281776405,-29.7345531049384,757.329311024379,259.4423261563,"22NO"
"190",10,11,133089,146767,-9.125,-8.625,26.875,26.375,2019-05-14 00:32:30,2019-05-14 01:42:30,1.16666666666667,1,77.9926843334245,-44.8816390935186,-30.7058397751118+30.8329660532545i,-5.30116117033646+4.86573943655669i,"22NO","post-breeding",0,7.18843298899196,7.1956743963541,43.5145997561277,36.327600432383,809.112157342493,718.594540362279,912.703049895875,54.4318091552319,111.556226637976,-162.68603388882,207.431732660167,108.871113299787,"22NO"
"191",11,12,146767,160447,-8.625,-8.625,26.375,25.875,2019-05-15 19:07:30,2019-05-15 21:47:30,2.66666666666667,1,55.0344306850007,-90.037491923001,-10.3181287861284-0.0067517459133i,-6.6046933191037-2.82297040863773i,"22NO","post-breeding",0,6.6065391368179,7.18269697032092,10.3181309951562,4.66054616156027,1001.61284581638,740.224762223809,1169.11857193959,114.481613003466,309.553519405314,-137.975071583081,511.761978427099,170.7848040451,"22NO"
"192",12,13,160447,174432,-8.625,-8.875,25.875,25.875,2019-05-16 22:12:30,2019-05-16 22:47:30,0.583333333333333,1,27.6499943563123,180,0-0.539316102877468i,-4.14012304308621-4.67173511526024i,"22NO","post-breeding",0,4.67173511526024,6.24225342316771,0.539316102877468,5.84957312167273,808.625873478329,764.293268393861,868.656931972648,38.2290472349176,-119.874126521671,-156.346249251482,-56.4680680273517,40.5181528098563,"22NO"
"193",13,14,174432,188415,-8.875,-8.625,25.875,25.875,2019-05-18 01:12:30,2019-05-18 01:37:30,0.416666666666667,1,27.6499943563123,0,0+0.799376599855i,-8.41450909688133+2.04140100290997i,"22NO","post-breeding",0,2.04140100290997,8.65859580972461,0.799376599855,8.50567974704449,808.117056261617,762.718655453909,847.708467223754,41.7508972229223,-120.382943738383,-174.261499380677,-76.2915327762464,48.1916922940542,"22NO"
"194",14,15,188415,202550,-8.625,-8.375,25.875,26.125,2019-05-24 23:17:30,2019-05-25 01:42:30,2.41666666666667,1,39.0152870774539,44.8903656558028,3.39536194277317+3.40838078620099i,-12.8165333140827+22.230124530445i,"22NO","post-breeding",0,6.7038213200915,25.6601239831394,4.81098142858362,24.8411671503827,1091.73267570757,872.687250688132,1265.00813760787,122.919863021334,300.360084616226,-58.437446894764,488.552984391118,174.862891148544,"22NO"
"195",15,16,202550,216533,-8.375,-8.125,26.125,26.125,2019-05-25 23:07:30,2019-05-25 23:22:30,0.25,1,27.6492858715304,0,0+1.18660955144152i,-8.39127857274675+6.48120722708257i,"22NO","post-breeding",0,6.48120722708257,10.6028110992239,1.18660955144152,9.92201192462206,921.813012984139,862.994513634097,962.876011376081,52.2543946333733,221.313012984139,167.244513634097,257.626011376081,47.7351772200113,"22NO"
"196",16,17,216533,230665,-8.125,-7.125,26.125,26.375,2019-05-27 20:32:30,2019-05-27 22:37:30,2.08333333333333,1,113.982173405233,14.0222767122075,10.1341518098061+40.5786443551058i,-3.38643084198711+6.44321340550613i,"22NO","post-breeding",0,5.4306866640457,7.27893624346685,41.8249615732323,36.715579817822,836.973409164109,737.741846231379,975.736111836057,58.8277092115508,85.2612558114386,-7.05679003761077,220.953142876102,51.8664016236521,"22NO"
"197",17,18,230665,244493,-7.125,-6.125,26.375,26.125,2019-05-31 19:17:30,2019-05-31 21:17:30,2,1,113.992045411721,-14.0498814778033,-10.5707097210939+42.2401054158711i,2.36089696995875+4.81131521397587i,"22NO","post-breeding",0,4.09423669240987,5.35934591074285,43.542696397347,39.5997574183172,813.290170410164,612.763672629478,1015.66823461571,125.790750446899,79.5188042702403,-119.665505241084,293.712141952259,134.316045806162,"22NO"
"198",18,19,244493,258006,-6.125,-2.375,26.125,25.375,2019-06-04 18:02:30,2019-06-05 03:47:30,9.75,1,422.951211071517,-11.3831610174439,-8.0571945597997+40.0199317120816i,-1.36240375917189+5.15631225513356i,"22NO","post-breeding",1,5.32378017309517,5.33326354828319,40.8229508783251,35.5005941570428,801.500377858474,598.704796889303,1009.44869411743,139.720842957246,240.591782887311,-46.9353804533346,426.267259895235,124.140602913066,"22NO"
"199",19,20,258006,271986,-2.375,-1.375,25.375,25.375,2019-06-05 23:17:30,2019-06-06 01:17:30,2,1,110.575492619583,0,0+41.8379953966368i,-0.88937390099284+6.00752572123377i,"22NO","post-breeding",2,6.00752572123377,6.07300182998924,41.8379953966368,35.8415058709277,553.798736168316,475.286162593256,588.098751820392,24.7465616138018,73.0985298213999,-10.9139409855127,105.481401516598,25.0189612758612,"22NO"
"200",20,21,271986,285664,-1.375,-0.875,25.375,24.875,2019-06-09 19:42:30,2019-06-09 21:27:30,1.75,1,78.4442040115114,-45.1920067190144,-20.7018198477064+20.5635329663676i,-1.31516733295866-4.52399324872573i,"22NO","post-breeding",2,-2.25513325547805,4.71128220638475,29.1791746467542,31.7053034573172,1003.84462396052,541.720989889743,1266.5351132733,227.353240520344,535.102146906772,64.9780620209589,796.087983140636,227.85375874036,"22NO"
"201",21,22,285664,299493,-0.875,-0.125,24.875,24.625,2019-06-10 23:12:30,2019-06-11 00:57:30,1.75,1,87.4754072509328,-18.5512857490213,-10.9739075534583+32.7002503626231i,-4.35767951432937-4.61586062260497i,"22NO","post-breeding",2,-2.98960660228679,6.34787681330703,34.4925067336383,37.8981082974813,563.03005713622,484.188139386055,609.241255442565,34.8679859234191,100.940386832619,15.1881393860553,141.354732796747,36.4697214825749,"22NO"
"202",22,23,299493,313473,-0.125,0.875,24.625,24.625,2019-06-18 23:12:30,2019-06-19 01:47:30,2.58333333333333,1,110.574351567296,0,0+32.3907061135252i,-3.27652827278132-6.71405538760242i,"22NO","post-breeding",2,-6.71405538760242,7.47088865330815,32.3907061135252,39.2417890721411,649.34671019487,555.566020206618,766.383649221399,42.6546049980034,216.940459409673,89.44066292255,356.383649221399,57.6799651059225,"22NO"
"203",23,24,313473,327297,0.875,2.875,24.625,24.375,2019-06-19 19:07:30,2019-06-20 00:07:30,5,1,222.893321669251,-7.16495711287764,-4.907387989359+39.0379766368611i,-7.02044233474253+2.01995408546944i,"22NO","post-breeding",2,2.87981524330828,7.30526009686512,39.3452166950217,37.0782819488968,886.68530057211,506.841482878554,1081.44645156628,130.75906920191,409.158041175378,93.4055409359256,592.370793905002,111.019995335106,"22NO"
"204",24,25,327297,341277,2.875,3.875,24.375,24.375,2019-06-20 22:32:30,2019-06-21 00:37:30,2.08333333333333,1,110.578152110449,0,0+40.1644755807713i,3.26199744260958+4.67474855819832i,"22NO","post-breeding",1,4.67474855819832,5.70034221761893,40.1644755807713,35.6393231059786,731.006980348082,588.73202755481,791.626132118377,38.7636704874255,252.094066780799,153.778479367984,316.950147869055,52.7629327567758,"22NO"
"205",25,26,341277,355259,3.875,4.375,24.375,24.375,2019-06-21 21:07:30,2019-06-21 22:12:30,1.08333333333333,1,55.2900141408877,0,0+25.8611495968955i,3.05690145727143-3.64576111356587i,"22NO","post-breeding",0,-3.64576111356587,4.75775373644509,25.8611495968955,29.6648348418562,774.122109268709,666.691925719425,862.47195959472,69.421177975311,219.045729551234,105.549172983359,306.473177377275,70.4351507466504,"22NO"
"206",26,27,355259,369090,4.375,4.625,24.375,24.125,2019-06-22 00:47:30,2019-06-22 01:22:30,0.583333333333333,1,39.166643977,-45.0930560146783,-14.148797619003+14.1029130192335i,6.37633276089657-1.33555412457542i,"22NO","post-breeding",0,-5.45890932969093,6.51470062991027,19.9770025201873,25.68320939568,691.725021560148,602.411728717782,785.29781869079,68.6300563849832,128.907593898439,39.1267160273941,222.591888744606,68.317031540717,"22NO"
"207",27,28,369090,383676,4.625,6.125,24.125,25.125,2019-06-22 17:52:30,2019-06-22 22:17:30,4.41666666666667,1,199.494818692217,33.7041989328731,21.7063489391139+32.5421304975601i,12.825502813949+13.9396654628818i,"22NO","post-breeding",0,18.7135360151245,18.9422225635661,39.1172064645061,20.6136152400612,812.60681284725,696.752390068837,870.85411434034,47.9717525955771,205.798757467544,93.607645871123,283.815235823824,59.376397606627,"22NO"
"208",28,29,383676,397961,6.125,6.875,25.125,25.625,2019-06-23 20:12:30,2019-06-23 21:47:30,1.58333333333333,1,99.6885040214584,33.6669369516345,25.3841459569412+38.1095441377413i,5.1135035081715+10.0382622737654i,"22NO","post-breeding",0,11.1893298469373,11.2656392452885,45.7896518915546,34.6250748847226,738.487344184657,681.835534955977,836.194576245846,31.4161687272633,84.0105137661093,17.4164571527787,170.194576245846,32.2966586514535,"22NO"
"209",29,30,397961,412248,6.875,7.125,25.625,26.125,2019-06-23 23:42:30,2019-06-24 00:37:30,0.916666666666667,1,61.7793516943931,63.3848317307448,33.3836980254377+16.7283662389253i,6.476577569371+11.5700634586663i,"22NO","post-breeding",0,10.9736310368674,13.2594277949558,37.3404543474932,27.3971023798158,821.698331493309,675.903754388453,892.699607794629,64.6056701058397,115.300797631018,-0.838190430802683,187.699607794629,56.3604502097713,"22NO"
"210",30,31,412248,426534,7.125,7.625,26.125,26.625,2019-06-25 19:32:30,2019-06-25 20:27:30,0.916666666666667,1,78.1342218155493,44.9194626323664,39.1119038996631+39.2220134349066i,11.5000132482719+12.8898353328838i,"22NO","post-breeding",0,17.24759168418,17.2742050358125,55.390498865279,38.1549486821963,810.075858293459,674.630569149762,870.274780027096,63.8031452151702,180.327340125935,73.6305691497619,257.133517743686,58.2276638517725,"22NO"
"211",31,32,426534,440669,7.625,7.875,26.625,26.875,2019-06-26 21:42:30,2019-06-26 22:12:30,0.5,1,39.0506727606895,44.9092733190337,16.3705665340923+16.4224937096471i,9.88327365228353+9.18306450097854i,"22NO","post-breeding",0,13.4811360820978,13.4910255990808,23.1882243453556,9.72081808294398,745.96424429832,699.572486928923,792.416820221529,41.5037327074432,156.328321342579,105.409379382034,208.416820221529,46.3024524086714,"22NO"
"212",32,33,440669,455260,7.875,8.125,26.875,27.875,2019-06-27 20:12:30,2019-06-27 22:12:30,2,1,113.657466992974,75.8514256262604,41.7572424115665+10.5263369691787i,10.893803203078+7.598157774154i,"22NO","post-breeding",0,12.4206132892987,13.281827802992,43.0635700309093,31.0020340167261,631.521841446033,556.4918089849,749.970353172005,48.642741092586,129.695531462394,88.0723200150998,228.7137275466,29.3113009774593,"22NO"
"213",33,34,455260,469395,8.125,8.375,27.875,28.125,2019-07-01 01:37:30,2019-07-01 01:57:30,0.333333333333333,1,39.0274391145851,44.8725964903088,24.5601671700642+24.6696352670599i,-2.2058361453658+13.9886287960754i,"22NO","post-breeding",0,8.35713501249668,14.1614776310452,34.8108131997985,28.8184460496194,536.708947846229,532.749396980529,544.793805523287,5.46512910689575,103.638043156416,92.5798690634122,117.805767956917,12.2247239222364,"22NO"
"214",34,35,469395,483530,8.375,8.625,28.125,28.375,2019-07-01 20:47:30,2019-07-01 21:12:30,0.416666666666667,1,39.0152870774539,44.853413156972,19.649963674323+19.7507676334633i,1.6125555170037+10.75013261495i,"22NO","post-breeding",0,8.75824257646179,10.8704041569038,27.8606154726214,20.1583611380047,549.629743111886,533.483455208125,570.22878686266,13.5749888994306,137.311096562589,123.483455208125,156.510140313363,12.1405170916327,"22NO"
"215",35,36,483530,497665,8.625,8.875,28.375,28.625,2019-07-03 02:02:30,2019-07-03 02:37:30,0.583333333333333,1,39.0027789919363,44.8336656511802,14.0370440099793+14.1187829152469i,-3.03825784068644+9.13574938512367i,"22NO","post-breeding",0,4.33655008360056,9.62771663138671,19.9092600451639,17.7875393591604,513.867340733828,473.495466808764,546.26700403714,25.7393261003791,107.841003169516,67.7129700220484,142.26700403714,25.3688559299131,"22NO"
"216",36,37,497665,511800,8.875,9.125,28.625,28.875,2019-07-04 23:52:30,2019-07-05 00:42:30,0.833333333333333,1,38.9899154504635,44.8133532774581,9.82691351976151+9.89114729887136i,-12.3003922567537+7.9567769240594i,"22NO","post-breeding",0,-3.02472184180503,14.6495716213564,13.9428484970913,22.2116962358653,519.013902559062,478.993726527933,555.336016215508,28.0562736114073,118.302544347224,79.9937265279328,151.974816854137,26.5446977169374,"22NO"
"217",37,38,511800,526088,9.125,9.125,28.875,29.375,2019-07-07 00:12:30,2019-07-07 01:07:30,0.916666666666667,1,54.9599773242277,89.9603525299218,29.975498996451+0.0207424159219i,-4.2287336424684+16.2918904076212i,"22NO","post-breeding",0,-4.21745898664741,16.8317521747703,29.9755061731083,37.8771670982018,496.61400583366,475.387929261865,512.822132157954,14.1895180379529,101.137235662511,81.7125199952504,117.771017191377,13.0594960947513,"22NO"
"218",38,39,526088,539918,9.125,9.625,29.375,29.125,2019-07-08 01:37:30,2019-07-08 02:27:30,0.833333333333333,1,61.7444467972836,-26.386817597138,-18.4453875598892+37.1794682909137i,-4.12174491167464+9.07793606468574i,"22NO","post-breeding",0,9.96396587086981,9.96983973348809,41.5035562889444,31.5414465770909,467.233975616895,425.108676626648,540.594193041842,37.5376228650052,73.1217611993677,30.4869652686771,147.391478136259,37.962362010966,"22NO"
